date,treatment,sample,weight_g,size_cm
22/10/2016,TC,TC1,8.8154,2.8775
22/10/2016,TC,TC2,6.5592,2.6385
22/10/2016,TC,TC3,3.9945,2.8925
22/10/2016,TC,TC4,8.0045,2.823
22/10/2016,TC,TC5,10.6268,3.251
22/10/2016,TC,TC6,8.1619,3.03
22/10/2016,TC,TC7,7.014,2.835
22/10/2016,TC,TC8,9.8921,2.271
22/10/2016,TC,TC9,9.2596,3.182
22/10/2016,TC,TC10,5.4158,2.7295
22/10/2016,TC,TC11,3.0926,2.1255
22/10/2016,TC,TC12,11.1045,3.4025
22/10/2016,TC,TC13,5.3351,2.576
22/10/2016,TC,TC14,5.0719,2.5735
22/10/2016,TC,TC15,9.3279,3.0415
22/10/2016,TC,TC16,8.0722,3.021
22/10/2016,TC,TC17,10.6121,3.2615
22/10/2016,TC,TC18,11.6136,3.4235
22/10/2016,TC,TC19,3.9033,2.3725
22/10/2016,TC,TC20,9.2183,3.3225
22/10/2016,TM,TM1,9.0268,3.239
22/10/2016,TM,TM2,6.8986,2.888
22/10/2016,TM,TM3,5.2485,2.6505
22/10/2016,TM,TM4,15.2421,4.053
22/10/2016,TM,TM5,3.8258,2.4675
22/10/2016,TM,TM6,7.248,3.12
22/10/2016,TM,TM7,10.5203,3.753
22/10/2016,TM,TM8,12.7121,4.355
22/10/2016,TM,TM9,9.1322,3.0125
22/10/2016,TM,TM10,6.681,2.792
22/10/2016,TM,TM11,4.1005,2.294
22/10/2016,TM,TM12,8.5516,3.0615
22/10/2016,TM,TM13,9.0477,3.1525
22/10/2016,TM,TM14,10.5754,3.1535
22/10/2016,TM,TM15,7.6958,2.8245
22/10/2016,TM,TM16,7.0925,2.559
22/10/2016,TM,TM17,9.608,2.9605
22/10/2016,TM,TM18,9.7935,3.0885
22/10/2016,TM,TM19,9.2857,3.2335
22/10/2016,TM,TM20,9.1836,3.2465
22/10/2016,TA,TA1,6.9339,2.821
22/10/2016,TA,TA2,12.6575,3.791
22/10/2016,TA,TA3,5.6508,2.83
22/10/2016,TA,TA4,13.0747,3.962
22/10/2016,TA,TA5,7.4808,3.1815
22/10/2016,TA,TA6,12.0915,3.4445
22/10/2016,TA,TA7,7.5621,2.9415
22/10/2016,TA,TA8,5.4603,2.6835
22/10/2016,TA,TA9,12.4958,3.668
22/10/2016,TA,TA10,5.7899,2.819
22/10/2016,TA,TA11,7.5264,2.9465
22/10/2016,TA,TA12,10.5015,3.2855
22/10/2016,TA,TA13,6.1084,2.686
22/10/2016,TA,TA14,8.6668,3.071
22/10/2016,TA,TA15,18.7111,4.1285
22/10/2016,TA,TA16,11.4045,3.2245
22/10/2016,TA,TA17,8.8453,3.162
22/10/2016,TA,TA18,15.4659,3.618
22/10/2016,TA,TA19,10.8221,3.509
22/10/2016,TA,TA20,8.879,3.3245
22/10/2016,TTC,TTC1,6.3903,2.8345
22/10/2016,TTC,TTC2,11.6091,3.7
22/10/2016,TTC,TTC3,7.2821,3.0475
22/10/2016,TTC,TTC4,14.7503,3.933
22/10/2016,TTC,TTC5,7.7715,3.205
22/10/2016,TTC,TTC6,5.3953,2.5385
22/10/2016,TTC,TTC7,9.938,3.298
22/10/2016,TTC,TTC8,7.5939,3.007
22/10/2016,TTC,TTC9,7.2858,3.0135
22/10/2016,TTC,TTC10,13.5103,3.991
22/10/2016,TTC,TTC11,7.5988,2.8045
22/10/2016,TTC,TTC12,9.887,3.153
22/10/2016,TTC,TTC13,9.057,2.9535
22/10/2016,TTC,TTC14,8.0495,2.851
22/10/2016,TTC,TTC15,10.7858,3.366
22/10/2016,TTC,TTC16,7.229,2.9065
22/10/2016,TTC,TTC17,10.7278,3.3065
22/10/2016,TTC,TTC18,8.5153,3.014
22/10/2016,TTC,TTC19,9.8072,3.193
22/10/2016,TTC,TTC20,13.5291,3.585
22/10/2016,TTM,TTM1,8.3155,3.0575
22/10/2016,TTM,TTM2,6.5449,2.849
22/10/2016,TTM,TTM3,13.4893,3.6125
22/10/2016,TTM,TTM4,13.1438,3.761
22/10/2016,TTM,TTM5,6.285,2.825
22/10/2016,TTM,TTM6,5.4914,2.5985
22/10/2016,TTM,TTM7,10.0217,3.184
22/10/2016,TTM,TTM8,6.8022,2.867
22/10/2016,TTM,TTM9,7.1238,3.019
22/10/2016,TTM,TTM10,7.9195,3.0995
22/10/2016,TTM,TTM11,8.1041,3.0275
22/10/2016,TTM,TTM12,5.8557,2.6325
22/10/2016,TTM,TTM13,12.4761,3.438
22/10/2016,TTM,TTM14,10.0895,3.2295
22/10/2016,TTM,TTM15,7.2692,2.933
22/10/2016,TTM,TTM16,4.4205,2.3765
22/10/2016,TTM,TTM17,13.5041,3.5705
22/10/2016,TTM,TTM18,8.8348,3.1285
22/10/2016,TTM,TTM19,10.6515,3.331
22/10/2016,TTM,TTM20,13.0924,3.7645
22/10/2016,TTA,TTA1,5.2385,2.539
22/10/2016,TTA,TTA2,4.8671,2.518
22/10/2016,TTA,TTA3,8.9589,3.2265
22/10/2016,TTA,TTA4,7.4247,3.026
22/10/2016,TTA,TTA5,6.7421,2.994
22/10/2016,TTA,TTA6,9.5515,2.996
22/10/2016,TTA,TTA7,9.3397,3.065
22/10/2016,TTA,TTA8,11.9596,3.313
22/10/2016,TTA,TTA9,4.5025,2.392
22/10/2016,TTA,TTA10,6.3036,2.7735
22/10/2016,TTA,TTA11,8.9333,3.16
22/10/2016,TTA,TTA12,7.5393,3.0535
22/10/2016,TTA,TTA13,9.8454,3.3145
22/10/2016,TTA,TTA14,8.292,3.1445
22/10/2016,TTA,TTA15,9.5413,3.3375
22/10/2016,TTA,TTA16,12.6547,3.5485
22/10/2016,TTA,TTA17,11.8224,3.4385
22/10/2016,TTA,TTA18,8.465,3.0955
22/10/2016,TTA,TTA19,8.9013,3.1875
22/10/2016,TTA,TTA20,8.1812,3.1185
22/10/2016,TTTC,TTTC1,8.3701,3.14
22/10/2016,TTTC,TTTC2,4.4479,2.4905
22/10/2016,TTTC,TTTC3,5.0654,2.6065
22/10/2016,TTTC,TTTC4,5.3044,2.647
22/10/2016,TTTC,TTTC5,13.0277,3.804
22/10/2016,TTTC,TTTC6,10.8213,3.279
22/10/2016,TTTC,TTTC7,6.5517,2.796
22/10/2016,TTTC,TTTC8,8.4094,3.1405
22/10/2016,TTTC,TTTC9,8.186,3.1365
22/10/2016,TTTC,TTTC10,11.711,3.735
22/10/2016,TTTC,TTTC11,7.9606,3.039
22/10/2016,TTTC,TTTC12,10.7341,3.3285
22/10/2016,TTTC,TTTC13,4.9393,2.5735
22/10/2016,TTTC,TTTC14,9.1718,3.3125
22/10/2016,TTTC,TTTC15,6.4732,2.922
22/10/2016,TTTC,TTTC16,9.5828,3.008
22/10/2016,TTTC,TTTC17,7.8184,2.8495
22/10/2016,TTTC,TTTC18,8.1083,2.926
22/10/2016,TTTC,TTTC19,8.6998,2.9645
22/10/2016,TTTC,TTTC20,4.4971,2.399
22/10/2016,TTTM,TTTM1,9.5953,3.075
22/10/2016,TTTM,TTTM2,7.8331,2.9055
22/10/2016,TTTM,TTTM3,6.176,2.649
22/10/2016,TTTM,TTTM4,6.8259,2.715
22/10/2016,TTTM,TTTM5,5.0414,2.517
22/10/2016,TTTM,TTTM6,11.4371,3.454
22/10/2016,TTTM,TTTM7,13.772,3.721
22/10/2016,TTTM,TTTM8,7.191,3.0035
22/10/2016,TTTM,TTTM9,7.7353,3.178
22/10/2016,TTTM,TTTM10,5.2383,2.7475
22/10/2016,TTTM,TTTM11,9.0562,3.003
22/10/2016,TTTM,TTTM12,5.6833,2.5045
22/10/2016,TTTM,TTTM13,7.8588,2.7815
22/10/2016,TTTM,TTTM14,16.7809,3.8
22/10/2016,TTTM,TTTM15,9.5695,3.0635
22/10/2016,TTTM,TTTM16,10.8098,3.283
22/10/2016,TTTM,TTTM17,10.4893,3.4215
22/10/2016,TTTM,TTTM18,19.205,4.1445
22/10/2016,TTTM,TTTM19,6.1568,2.8795
22/10/2016,TTTM,TTTM20,15.6139,4.0675
22/10/2016,TTTA,TTTA1,8.0122,2.997
22/10/2016,TTTA,TTTA2,11.4113,3.3735
22/10/2016,TTTA,TTTA3,3.7608,2.4005
22/10/2016,TTTA,TTTA4,12.7288,3.6085
22/10/2016,TTTA,TTTA5,14.1838,3.8155
22/10/2016,TTTA,TTTA6,5.3518,2.765
22/10/2016,TTTA,TTTA7,12.5983,3.546
22/10/2016,TTTA,TTTA8,10.1565,3.471
22/10/2016,TTTA,TTTA9,5.4365,2.655
22/10/2016,TTTA,TTTA10,15.522,3.985
22/10/2016,TTTA,TTTA11,12.5028,3.5105
22/10/2016,TTTA,TTTA12,14.2297,3.667
22/10/2016,TTTA,TTTA13,8.8084,3.197
22/10/2016,TTTA,TTTA14,10.6935,3.46
22/10/2016,TTTA,TTTA15,7.4932,3.0125
22/10/2016,TTTA,TTTA16,7.419,2.7395
22/10/2016,TTTA,TTTA17,6.4729,2.6025
22/10/2016,TTTA,TTTA18,10.5107,3.2125
22/10/2016,TTTA,TTTA19,8.8165,3.1775
22/10/2016,TTTA,TTTA20,8.8659,3.0565
31/10/2016,TC,TC1,12.1894,3.238
31/10/2016,TC,TC2,8.6287,2.862
31/10/2016,TC,TC3,10.0577,3.092
31/10/2016,TC,TC4,8.4677,2.869
31/10/2016,TC,TC5,10.9415,3.2695
31/10/2016,TC,TC6,9.8625,3.084
31/10/2016,TC,TC7,8.2274,2.8395
31/10/2016,TC,TC8,5.2326,2.4125
31/10/2016,TC,TC9,12.9768,3.42
31/10/2016,TC,TC10,7.2797,2.8635
31/10/2016,TC,TC11,4.727,2.399
31/10/2016,TC,TC12,14.8667,3.7015
31/10/2016,TC,TC13,5.3287,2.5115
31/10/2016,TC,TC14,6.5075,2.765
31/10/2016,TC,TC15,14.1594,3.782
31/10/2016,TC,TC16,11.3107,3.261
31/10/2016,TC,TC17,14.1512,3.428
31/10/2016,TC,TC18,13.519,3.349
31/10/2016,TC,TC19,3.9214,2.3135
31/10/2016,TC,TC20,10.4273,3.313
31/10/2016,TM,TM1,8.7805,3.195
31/10/2016,TM,TM2,9.2222,3.128
31/10/2016,TM,TM3,5.9051,2.6205
31/10/2016,TM,TM4,17.8605,4.1085
31/10/2016,TM,TM5,4.8123,2.64
31/10/2016,TM,TM6,11.0018,3.3095
31/10/2016,TM,TM7,10.5302,3.353
31/10/2016,TM,TM8,14.1157,3.6285
31/10/2016,TM,TM9,13.1332,3.4915
31/10/2016,TM,TM10,8.2026,3.1375
31/10/2016,TM,TM11,4.7596,2.3755
31/10/2016,TM,TM12,8.9073,3.008
31/10/2016,TM,TM13,9.4622,3.09
31/10/2016,TM,TM14,14.1662,3.5705
31/10/2016,TM,TM15,9.9048,3.387
31/10/2016,TM,TM16,8.6685,3.109
31/10/2016,TM,TM17,13.6531,3.539
31/10/2016,TM,TM18,11.2756,3.273
31/10/2016,TM,TM19,9.7578,3.1945
31/10/2016,TM,TM20,10.9258,3.419
31/10/2016,TA,TA1,9.8299,3.066
31/10/2016,TA,TA2,13.65,3.497
31/10/2016,TA,TA3,7.2303,2.707
31/10/2016,TA,TA4,13.2628,3.641
31/10/2016,TA,TA5,10.3612,3.36
31/10/2016,TA,TA6,14.0192,3.593
31/10/2016,TA,TA7,11.6061,3.383
31/10/2016,TA,TA8,5.5483,2.5725
31/10/2016,TA,TA9,15.3427,3.781
31/10/2016,TA,TA10,8.177,3.011
31/10/2016,TA,TA11,9.86,3.259
31/10/2016,TA,TA12,13.6534,3.5875
31/10/2016,TA,TA13,7.0336,2.921
31/10/2016,TA,TA14,8.8911,3.2295
31/10/2016,TA,TA15,21.9144,4.544
31/10/2016,TA,TA16,11.7959,3.3685
31/10/2016,TA,TA17,10.6718,3.099
31/10/2016,TA,TA18,12.7479,3.3545
31/10/2016,TA,TA19,14.4192,3.5615
31/10/2016,TA,TA20,9.788,3.3105
31/10/2016,TTC,TTC1,9.3961,3.087
31/10/2016,TTC,TTC2,16.5064,3.725
31/10/2016,TTC,TTC3,9.4074,3.019
31/10/2016,TTC,TTC4,17.365,3.8705
31/10/2016,TTC,TTC5,10.0147,3.426
31/10/2016,TTC,TTC6,5.8108,2.665
31/10/2016,TTC,TTC7,13.8797,3.584
31/10/2016,TTC,TTC8,11.7078,3.565
31/10/2016,TTC,TTC9,9.1698,3.3805
31/10/2016,TTC,TTC10,DEAD,DEAD
31/10/2016,TTC,TTC11,10.0505,3.1895
31/10/2016,TTC,TTC12,9.351,3.242
31/10/2016,TTC,TTC13,13.1466,3.3895
31/10/2016,TTC,TTC14,8.1887,3.078
31/10/2016,TTC,TTC15,10.7138,3.5695
31/10/2016,TTC,TTC16,9.4097,2.916
31/10/2016,TTC,TTC17,13.2603,3.2925
31/10/2016,TTC,TTC18,11.1816,2.935
31/10/2016,TTC,TTC19,12.061,3.156
31/10/2016,TTC,TTC20,18.8495,3.9745
31/10/2016,TTM,TTM1,12.0964,3.254
31/10/2016,TTM,TTM2,11.4278,3.028
31/10/2016,TTM,TTM3,19.8001,3.674
31/10/2016,TTM,TTM4,18.692,3.79
31/10/2016,TTM,TTM5,8.8436,3.006
31/10/2016,TTM,TTM6,7.1287,2.598
31/10/2016,TTM,TTM7,12.7594,3.1725
31/10/2016,TTM,TTM8,7.9063,2.717
31/10/2016,TTM,TTM9,9.3389,2.9715
31/10/2016,TTM,TTM10,10.3769,3.201
31/10/2016,TTM,TTM11,9.9634,2.867
31/10/2016,TTM,TTM12,8.8511,2.945
31/10/2016,TTM,TTM13,15.374,3.5035
31/10/2016,TTM,TTM14,13.1445,3.358
31/10/2016,TTM,TTM15,8.7315,3.126
31/10/2016,TTM,TTM16,5.6333,2.5255
31/10/2016,TTM,TTM17,16.9497,3.7725
31/10/2016,TTM,TTM18,12.3303,3.3525
31/10/2016,TTM,TTM19,12.9293,3.4905
31/10/2016,TTM,TTM20,13.4879,3.6625
31/10/2016,TTA,TTA1,6.9964,2.8205
31/10/2016,TTA,TTA2,6.5964,2.792
31/10/2016,TTA,TTA3,9.5796,3.1515
31/10/2016,TTA,TTA4,9.8964,3.3175
31/10/2016,TTA,TTA5,8.5837,3.3735
31/10/2016,TTA,TTA6,11.3458,3.2705
31/10/2016,TTA,TTA7,11.0748,3.2205
31/10/2016,TTA,TTA8,17.3737,3.7015
31/10/2016,TTA,TTA9,4.6541,2.3925
31/10/2016,TTA,TTA10,8.4032,2.9865
31/10/2016,TTA,TTA11,11.2728,3.336
31/10/2016,TTA,TTA12,7.8731,2.892
31/10/2016,TTA,TTA13,12.0456,3.3105
31/10/2016,TTA,TTA14,10.415,3.254
31/10/2016,TTA,TTA15,10.4145,3.3235
31/10/2016,TTA,TTA16,15.1749,3.4625
31/10/2016,TTA,TTA17,13.3063,3.1985
31/10/2016,TTA,TTA18,DEAD,DEAD
31/10/2016,TTA,TTA19,9.1849,3.0285
31/10/2016,TTA,TTA20,9.5863,3.16
31/10/2016,TTTC,TTTC1,9.6693,3.066
31/10/2016,TTTC,TTTC2,5.4906,2.526
31/10/2016,TTTC,TTTC3,7.5859,2.868
31/10/2016,TTTC,TTTC4,6.9439,2.784
31/10/2016,TTTC,TTTC5,16.7839,4.0555
31/10/2016,TTTC,TTTC6,13.087,3.3665
31/10/2016,TTTC,TTTC7,7.675,2.738
31/10/2016,TTTC,TTTC8,9.1619,2.9315
31/10/2016,TTTC,TTTC9,9.237,2.961
31/10/2016,TTTC,TTTC10,14.1933,3.666
31/10/2016,TTTC,TTTC11,10.5621,3.2785
31/10/2016,TTTC,TTTC12,10.9683,3.4095
31/10/2016,TTTC,TTTC13,5.4762,2.595
31/10/2016,TTTC,TTTC14,11.2105,3.523
31/10/2016,TTTC,TTTC15,7.7636,3.152
31/10/2016,TTTC,TTTC16,13.2658,3.3495
31/10/2016,TTTC,TTTC17,8.7361,2.882
31/10/2016,TTTC,TTTC18,7.7805,2.808
31/10/2016,TTTC,TTTC19,10.3288,2.983
31/10/2016,TTTC,TTTC20,5.7368,2.8035
31/10/2016,TTTM,TTTM1,12.3631,3.5565
31/10/2016,TTTM,TTTM2,9.7049,3.1475
31/10/2016,TTTM,TTTM3,6.4041,2.6895
31/10/2016,TTTM,TTTM4,8.3676,3.041
31/10/2016,TTTM,TTTM5,6.2823,2.91
31/10/2016,TTTM,TTTM6,14.376,3.457
31/10/2016,TTTM,TTTM7,14.576,3.5745
31/10/2016,TTTM,TTTM8,8.1594,2.846
31/10/2016,TTTM,TTTM9,11.549,3.378
31/10/2016,TTTM,TTTM10,6.6151,2.8595
31/10/2016,TTTM,TTTM11,13.8921,3.296
31/10/2016,TTTM,TTTM12,7.8031,2.6285
31/10/2016,TTTM,TTTM13,9.8471,2.8805
31/10/2016,TTTM,TTTM14,17.5234,3.739
31/10/2016,TTTM,TTTM15,12.4207,3.3345
31/10/2016,TTTM,TTTM16,14.612,3.3505
31/10/2016,TTTM,TTTM17,11.7599,3.125
31/10/2016,TTTM,TTTM18,19.743,3.749
31/10/2016,TTTM,TTTM19,DEAD,2.613
31/10/2016,TTTM,TTTM20,15.8784,3.934
31/10/2016,TTTA,TTTA1,9.2229,3.15
31/10/2016,TTTA,TTTA2,12.0864,3.494
31/10/2016,TTTA,TTTA3,5.0009,2.507
31/10/2016,TTTA,TTTA4,12.9762,3.6625
31/10/2016,TTTA,TTTA5,19.6615,4.333
31/10/2016,TTTA,TTTA6,6.6353,2.659
31/10/2016,TTTA,TTTA7,17.286,3.829
31/10/2016,TTTA,TTTA8,12.3423,3.5525
31/10/2016,TTTA,TTTA9,6.7596,2.8725
31/10/2016,TTTA,TTTA10,DEAD,DEAD
31/10/2016,TTTA,TTTA11,15.3251,3.572
31/10/2016,TTTA,TTTA12,17.2775,3.7535
31/10/2016,TTTA,TTTA13,9.2475,3.0355
31/10/2016,TTTA,TTTA14,10.6437,3.219
31/10/2016,TTTA,TTTA15,9.7043,3.3295
31/10/2016,TTTA,TTTA16,9.6393,3.134
31/10/2016,TTTA,TTTA17,10.3009,3.1215
31/10/2016,TTTA,TTTA18,13.0875,3.446
31/10/2016,TTTA,TTTA19,11.8127,3.2905
31/10/2016,TTTA,TTTA20,13.8268,3.7695
06/11/2016,TC,TC1,16.3197,3.831
06/11/2016,TC,TC2,10.8415,3.3165
06/11/2016,TC,TC3,13.4192,3.5235
06/11/2016,TC,TC4,9.9767,3.2545
06/11/2016,TC,TC5,11.3393,3.6255
06/11/2016,TC,TC6,11.6082,3.3175
06/11/2016,TC,TC7,10.9927,3.1195
06/11/2016,TC,TC8,7.9459,2.6965
06/11/2016,TC,TC9,16.9667,3.7065
06/11/2016,TC,TC10,9.855,3.157
06/11/2016,TC,TC11,7.371,2.7385
06/11/2016,TC,TC12,20.6682,4.067
06/11/2016,TC,TC13,6.4004,2.54
06/11/2016,TC,TC14,9.2298,2.9315
06/11/2016,TC,TC15,20.0657,3.7795
06/11/2016,TC,TC16,16.7901,3.7105
06/11/2016,TC,TC17,18.9584,3.8135
06/11/2016,TC,TC18,17.2209,3.6455
06/11/2016,TC,TC19,5.514,2.5245
06/11/2016,TC,TC20,14.13,3.5705
06/11/2016,TM,TM1,10.273,3.1135
06/11/2016,TM,TM2,11.7441,3.2315
06/11/2016,TM,TM3,7.4365,2.6995
06/11/2016,TM,TM4,21.9441,4.208
06/11/2016,TM,TM5,6.3482,2.8465
06/11/2016,TM,TM6,16.278,3.4975
06/11/2016,TM,TM7,13.3458,3.2815
06/11/2016,TM,TM8,18.1348,3.5955
06/11/2016,TM,TM9,16.3632,3.5265
06/11/2016,TM,TM10,10.0135,3.0325
06/11/2016,TM,TM11,6.2513,2.6895
06/11/2016,TM,TM12,10.063,3.111
06/11/2016,TM,TM13,10.976,3.3035
06/11/2016,TM,TM14,18.735,3.831
06/11/2016,TM,TM15,12.1215,3.3125
06/11/2016,TM,TM16,10.6402,3.1565
06/11/2016,TM,TM17,18.4765,3.836
06/11/2016,TM,TM18,13.4642,3.327
06/11/2016,TM,TM19,12.0539,3.3445
06/11/2016,TM,TM20,14.29,3.5545
06/11/2016,TA,TA1,12.5361,3.479
06/11/2016,TA,TA2,15.155,3.605
06/11/2016,TA,TA3,8.717,2.864
06/11/2016,TA,TA4,13.2576,3.432
06/11/2016,TA,TA5,12.5059,3.436
06/11/2016,TA,TA6,17.1328,3.849
06/11/2016,TA,TA7,17.1391,3.769
06/11/2016,TA,TA8,7.1114,2.645
06/11/2016,TA,TA9,19.0235,3.9525
06/11/2016,TA,TA10,12.0917,3.3385
06/11/2016,TA,TA11,13.2981,3.3635
06/11/2016,TA,TA12,19.0333,3.748
06/11/2016,TA,TA13,9.5515,2.9485
06/11/2016,TA,TA14,10.6516,3.104
06/11/2016,TA,TA15,26.135,4.452
06/11/2016,TA,TA16,13.86,3.3335
06/11/2016,TA,TA17,14.7441,3.41
06/11/2016,TA,TA18,14.0727,3.28
06/11/2016,TA,TA19,17.059,3.791
06/11/2016,TA,TA20,12.146,3.3855
06/11/2016,TTC,TTC1,13.856,3.5005
06/11/2016,TTC,TTC2,23.1842,3.9995
06/11/2016,TTC,TTC3,13.0112,3.2945
06/11/2016,TTC,TTC4,22.8016,4.143
06/11/2016,TTC,TTC5,13.9164,3.518
06/11/2016,TTC,TTC6,8.0566,2.766
06/11/2016,TTC,TTC7,17.3041,3.7215
06/11/2016,TTC,TTC8,16.1425,3.6665
06/11/2016,TTC,TTC9,12.3677,3.309
06/11/2016,TTC,TTC10,DEAD,DEAD
06/11/2016,TTC,TTC11,13.7721,3.492
06/11/2016,TTC,TTC12,9.6314,3.065
06/11/2016,TTC,TTC13,18.4974,3.6845
06/11/2016,TTC,TTC14,9.9262,3.12
06/11/2016,TTC,TTC15,12.9818,3.3855
06/11/2016,TTC,TTC16,12.9755,3.38
06/11/2016,TTC,TTC17,17.1844,3.662
06/11/2016,TTC,TTC18,15.552,3.4785
06/11/2016,TTC,TTC19,14.9128,3.397
06/11/2016,TTC,TTC20,23.3,4.1735
06/11/2016,TTM,TTM1,18.1509,3.81
06/11/2016,TTM,TTM2,18.1844,3.7455
06/11/2016,TTM,TTM3,25.4736,4.0415
06/11/2016,TTM,TTM4,24.4847,4.2035
06/11/2016,TTM,TTM5,12.6055,3.4115
06/11/2016,TTM,TTM6,10.1549,3.071
06/11/2016,TTM,TTM7,16.8544,3.6365
06/11/2016,TTM,TTM8,11.1095,3.18
06/11/2016,TTM,TTM9,12.8617,3.3985
06/11/2016,TTM,TTM10,14.5907,3.5155
06/11/2016,TTM,TTM11,12.825,3.403
06/11/2016,TTM,TTM12,12.0579,3.304
06/11/2016,TTM,TTM13,20.3491,3.9685
06/11/2016,TTM,TTM14,18.1098,3.8295
06/11/2016,TTM,TTM15,11.5484,3.3135
06/11/2016,TTM,TTM16,7.6507,2.7365
06/11/2016,TTM,TTM17,21.4618,3.9175
06/11/2016,TTM,TTM18,16.4538,3.517
06/11/2016,TTM,TTM19,17.6235,3.618
06/11/2016,TTM,TTM20,16.4933,3.6935
06/11/2016,TTA,TTA1,9.7137,2.8955
06/11/2016,TTA,TTA2,9.734,2.8425
06/11/2016,TTA,TTA3,11.6538,3.103
06/11/2016,TTA,TTA4,13.9428,3.458
06/11/2016,TTA,TTA5,12.3312,3.4735
06/11/2016,TTA,TTA6,14.8836,3.3995
06/11/2016,TTA,TTA7,14.2513,3.4455
06/11/2016,TTA,TTA8,23.1931,4.0195
06/11/2016,TTA,TTA9,6.1337,2.6125
06/11/2016,TTA,TTA10,12.5842,3.411
06/11/2016,TTA,TTA11,15.5752,3.5165
06/11/2016,TTA,TTA12,9.6619,2.924
06/11/2016,TTA,TTA13,15.3335,3.3675
06/11/2016,TTA,TTA14,12.965,3.328
06/11/2016,TTA,TTA15,14.0491,3.472
06/11/2016,TTA,TTA16,19.4723,3.9095
06/11/2016,TTA,TTA17,16.92,3.5855
06/11/2016,TTA,TTA18,DEAD,DEAD
06/11/2016,TTA,TTA19,10.9399,3.1745
06/11/2016,TTA,TTA20,12.711,3.2975
06/11/2016,TTTC,TTTC1,11.453,3.233
06/11/2016,TTTC,TTTC2,7.9085,2.6765
06/11/2016,TTTC,TTTC3,12.16,3.218
06/11/2016,TTTC,TTTC4,10.653,3.07
06/11/2016,TTTC,TTTC5,21.7623,4.089
06/11/2016,TTTC,TTTC6,17.6301,3.757
06/11/2016,TTTC,TTTC7,11.3281,3.1265
06/11/2016,TTTC,TTTC8,12.5649,3.204
06/11/2016,TTTC,TTTC9,12.011,3.219
06/11/2016,TTTC,TTTC10,20.0089,4.1685
06/11/2016,TTTC,TTTC11,15.8496,3.6405
06/11/2016,TTTC,TTTC12,12.807,3.421
06/11/2016,TTTC,TTTC13,7.698,2.707
06/11/2016,TTTC,TTTC14,16.3368,3.7105
06/11/2016,TTTC,TTTC15,10.9053,3.1675
06/11/2016,TTTC,TTTC16,18.4372,4.0155
06/11/2016,TTTC,TTTC17,12.5134,3.248
06/11/2016,TTTC,TTTC18,8.0184,2.8755
06/11/2016,TTTC,TTTC19,14.4675,3.319
06/11/2016,TTTC,TTTC20,8.26,2.8695
06/11/2016,TTTM,TTTM1,17.6039,3.723
06/11/2016,TTTM,TTTM2,13.4059,3.373
06/11/2016,TTTM,TTTM3,8.1417,2.73
06/11/2016,TTTM,TTTM4,10.8402,3.0355
06/11/2016,TTTM,TTTM5,9.5792,3.023
06/11/2016,TTTM,TTTM6,18.5703,3.817
06/11/2016,TTTM,TTTM7,18.3434,3.7315
06/11/2016,TTTM,TTTM8,11.583,3.116
06/11/2016,TTTM,TTTM9,16.6103,3.7335
06/11/2016,TTTM,TTTM10,10.0394,3.0065
06/11/2016,TTTM,TTTM11,20.1505,3.9395
06/11/2016,TTTM,TTTM12,12.4225,3.2305
06/11/2016,TTTM,TTTM13,14.5938,3.306
06/11/2016,TTTM,TTTM14,20.9701,4.0145
06/11/2016,TTTM,TTTM15,18.3481,3.7805
06/11/2016,TTTM,TTTM16,19.4768,3.703
06/11/2016,TTTM,TTTM17,14.8252,3.411
06/11/2016,TTTM,TTTM18,22.9658,3.966
06/11/2016,TTTM,TTTM19,DEAD,DEAD
06/11/2016,TTTM,TTTM20,16.0593,3.8265
06/11/2016,TTTA,TTTA1,12.317,3.293
06/11/2016,TTTA,TTTA2,15.5797,3.55
06/11/2016,TTTA,TTTA3,8.1356,2.718
06/11/2016,TTTA,TTTA4,13.5863,3.4515
06/11/2016,TTTA,TTTA5,26.666,4.3525
06/11/2016,TTTA,TTTA6,8.842,2.819
06/11/2016,TTTA,TTTA7,24.7913,4.215
06/11/2016,TTTA,TTTA8,16.015,3.556
06/11/2016,TTTA,TTTA9,9.8076,3.0405
06/11/2016,TTTA,TTTA10,DEAD,DEAD
06/11/2016,TTTA,TTTA11,21.7579,3.9445
06/11/2016,TTTA,TTTA12,22.23,3.9475
06/11/2016,TTTA,TTTA13,12.9471,3.4535
06/11/2016,TTTA,TTTA14,11.8855,3.325
06/11/2016,TTTA,TTTA15,13.4912,3.431
06/11/2016,TTTA,TTTA16,14.577,3.421
06/11/2016,TTTA,TTTA17,15.7992,3.521
06/11/2016,TTTA,TTTA18,18.3855,3.6725
06/11/2016,TTTA,TTTA19,17.1695,3.6005
06/11/2016,TTTA,TTTA20,20.801,3.775
19/11/2016,TC,TC1,31.5847,4.3935
19/11/2016,TC,TC2,23.7051,4.016
19/11/2016,TC,TC3,28.5013,4.427
19/11/2016,TC,TC4,19.74,3.918
19/11/2016,TC,TC5,19.8219,4.192
19/11/2016,TC,TC6,25.9615,4.302
19/11/2016,TC,TC7,23.6658,4.105
19/11/2016,TC,TC8,19.9421,3.7505
19/11/2016,TC,TC9,33.7523,4.7265
19/11/2016,TC,TC10,21.92,4.0315
19/11/2016,TC,TC11,13.8471,3.259
19/11/2016,TC,TC12,33.4022,4.5995
19/11/2016,TC,TC13,13.5713,3.2155
19/11/2016,TC,TC14,19.5294,3.819
19/11/2016,TC,TC15,37.4585,4.9095
19/11/2016,TC,TC16,33.7725,4.732
19/11/2016,TC,TC17,34.9258,4.635
19/11/2016,TC,TC18,33.2751,4.6065
19/11/2016,TC,TC19,12.9528,3.2305
19/11/2016,TC,TC20,25.8839,4.489
19/11/2016,TM,TM1,21.5011,4.1525
19/11/2016,TM,TM2,25.7908,4.266
19/11/2016,TM,TM3,18.9833,3.8145
19/11/2016,TM,TM4,37.4181,5.0915
19/11/2016,TM,TM5,13.0478,3.515
19/11/2016,TM,TM6,32.3576,4.5245
19/11/2016,TM,TM7,22.9885,4.108
19/11/2016,TM,TM8,28.5678,4.3385
19/11/2016,TM,TM9,29.286,4.367
19/11/2016,TM,TM10,19.7257,3.9485
19/11/2016,TM,TM11,14.2246,3.401
19/11/2016,TM,TM12,17.684,3.6825
19/11/2016,TM,TM13,19.9545,3.842
19/11/2016,TM,TM14,28.8596,4.4845
19/11/2016,TM,TM15,21.619,3.9745
19/11/2016,TM,TM16,18.334,3.942
19/11/2016,TM,TM17,28.0902,4.4885
19/11/2016,TM,TM18,20.1185,3.918
19/11/2016,TM,TM19,18.9443,3.84
19/11/2016,TM,TM20,26.4618,4.5635
19/11/2016,TA,TA1,26.15,4.153
19/11/2016,TA,TA2,23.6525,4.0845
19/11/2016,TA,TA3,17.8414,3.663
19/11/2016,TA,TA4,DEAD,DEAD
19/11/2016,TA,TA5,23.7637,4.15
19/11/2016,TA,TA6,27.1593,4.3645
19/11/2016,TA,TA7,30.6697,4.5425
19/11/2016,TA,TA8,15.2155,3.5005
19/11/2016,TA,TA9,30.6689,4.55
19/11/2016,TA,TA10,19.3595,3.916
19/11/2016,TA,TA11,22.5393,3.9685
19/11/2016,TA,TA12,29.613,4.3935
19/11/2016,TA,TA13,18.1985,3.6315
19/11/2016,TA,TA14,18.7229,3.769
19/11/2016,TA,TA15,38.0674,4.9605
19/11/2016,TA,TA16,22.4445,4.263
19/11/2016,TA,TA17,26.3702,4.3895
19/11/2016,TA,TA18,20.197,3.9365
19/11/2016,TA,TA19,27.2475,4.3695
19/11/2016,TA,TA20,19.9566,4.079
19/11/2016,TTC,TTC1,29.1534,4.6735
19/11/2016,TTC,TTC2,42.5785,5.231
19/11/2016,TTC,TTC3,29.0711,4.476
19/11/2016,TTC,TTC4,38.9855,5.2275
19/11/2016,TTC,TTC5,29.9637,5.023
19/11/2016,TTC,TTC6,19.8086,3.795
19/11/2016,TTC,TTC7,28.3278,4.3035
19/11/2016,TTC,TTC8,32.579,4.5075
19/11/2016,TTC,TTC9,24.6163,4.3125
19/11/2016,TTC,TTC10,DEAD,DEAD
19/11/2016,TTC,TTC11,30.3519,4.413
19/11/2016,TTC,TTC12,15.1582,3.436
19/11/2016,TTC,TTC13,32.8626,4.4395
19/11/2016,TTC,TTC14,19.0649,3.7395
19/11/2016,TTC,TTC15,21.0671,4.164
19/11/2016,TTC,TTC16,25.2329,4.3165
19/11/2016,TTC,TTC17,28.2233,4.542
19/11/2016,TTC,TTC18,33.5228,4.488
19/11/2016,TTC,TTC19,25.459,4.3115
19/11/2016,TTC,TTC20,35.4488,5.1065
19/11/2016,TTM,TTM1,34.869,4.9125
19/11/2016,TTM,TTM2,33.018,4.4805
19/11/2016,TTM,TTM3,44.3659,5.018
19/11/2016,TTM,TTM4,41.5249,5.1165
19/11/2016,TTM,TTM5,22.1455,4.228
19/11/2016,TTM,TTM6,20.0321,4.0315
19/11/2016,TTM,TTM7,34.1455,4.8055
19/11/2016,TTM,TTM8,21.2147,3.9555
19/11/2016,TTM,TTM9,24.2572,4.21
19/11/2016,TTM,TTM10,26.362,4.331
19/11/2016,TTM,TTM11,25.5377,4.2255
19/11/2016,TTM,TTM12,25.6409,4.4195
19/11/2016,TTM,TTM13,36.8544,4.8235
19/11/2016,TTM,TTM14,24.2773,4.2705
19/11/2016,TTM,TTM15,34.395,4.9655
19/11/2016,TTM,TTM16,17.7191,3.7065
19/11/2016,TTM,TTM17,38.4502,4.971
19/11/2016,TTM,TTM18,32.9188,4.7145
19/11/2016,TTM,TTM19,28.6583,4.4405
19/11/2016,TTM,TTM20,28.5362,4.5045
19/11/2016,TTA,TTA1,20.683,3.907
19/11/2016,TTA,TTA2,19.9083,3.8665
19/11/2016,TTA,TTA3,17.7623,3.724
19/11/2016,TTA,TTA4,29.8266,4.4245
19/11/2016,TTA,TTA5,24.9407,4.342
19/11/2016,TTA,TTA6,26.4945,4.393
19/11/2016,TTA,TTA7,27.493,4.4125
19/11/2016,TTA,TTA8,44.573,5.1585
19/11/2016,TTA,TTA9,14.9193,3.556
19/11/2016,TTA,TTA10,25.6392,4.4205
19/11/2016,TTA,TTA11,31.5562,4.3905
19/11/2016,TTA,TTA12,18.2158,3.5945
19/11/2016,TTA,TTA13,25.538,4.036
19/11/2016,TTA,TTA14,23.3428,3.9225
19/11/2016,TTA,TTA15,26.6628,4.3575
19/11/2016,TTA,TTA16,26.5882,4.472
19/11/2016,TTA,TTA17,34.7637,4.71
19/11/2016,TTA,TTA18,DEAD,DEAD
19/11/2016,TTA,TTA19,13.914,3.449
19/11/2016,TTA,TTA20,21.0648,4.002
19/11/2016,TTTC,TTTC1,25.405,4.463
19/11/2016,TTTC,TTTC2,17.1726,3.7585
19/11/2016,TTTC,TTTC3,25.3834,4.2695
19/11/2016,TTTC,TTTC4,23.187,4.0035
19/11/2016,TTTC,TTTC5,35.9705,4.833
19/11/2016,TTTC,TTTC6,33.8223,4.808
19/11/2016,TTTC,TTTC7,24.4796,4.1395
19/11/2016,TTTC,TTTC8,24.7695,4.188
19/11/2016,TTTC,TTTC9,27.2468,4.478
19/11/2016,TTTC,TTTC10,31.5785,4.85
19/11/2016,TTTC,TTTC11,22.9117,4.4355
19/11/2016,TTTC,TTTC12,24.6651,4.0385
19/11/2016,TTTC,TTTC13,16.5926,3.4915
19/11/2016,TTTC,TTTC14,29.7672,4.483
19/11/2016,TTTC,TTTC15,22.6681,4.223
19/11/2016,TTTC,TTTC16,34.6493,4.7525
19/11/2016,TTTC,TTTC17,24.7818,4.1235
19/11/2016,TTTC,TTTC18,10.0039,2.9065
19/11/2016,TTTC,TTTC19,26.5116,4.112
19/11/2016,TTTC,TTTC20,17.8082,3.769
19/11/2016,TTTM,TTTM1,32.0226,4.636
19/11/2016,TTTM,TTTM2,26.6278,4.527
19/11/2016,TTTM,TTTM3,18.2115,3.693
19/11/2016,TTTM,TTTM4,23.3486,4.2245
19/11/2016,TTTM,TTTM5,24.2322,4.2205
19/11/2016,TTTM,TTTM6,31.7815,4.585
19/11/2016,TTTM,TTTM7,27.4505,4.257
19/11/2016,TTTM,TTTM8,25.967,4.195
19/11/2016,TTTM,TTTM9,29.8691,4.6205
19/11/2016,TTTM,TTTM10,20.0234,4.0485
19/11/2016,TTTM,TTTM11,37.3092,4.985
19/11/2016,TTTM,TTTM12,25.185,4.047
19/11/2016,TTTM,TTTM13,31.724,4.462
19/11/2016,TTTM,TTTM14,26.2246,4.223
19/11/2016,TTTM,TTTM15,38.5438,4.9365
19/11/2016,TTTM,TTTM16,32.7132,4.6905
19/11/2016,TTTM,TTTM17,26.6096,4.291
19/11/2016,TTTM,TTTM18,37.7161,4.677
19/11/2016,TTTM,TTTM19,DEAD,DEAD
19/11/2016,TTTM,TTTM20,27.8643,4.5575
19/11/2016,TTTA,TTTA1,24.2714,4.1
19/11/2016,TTTA,TTTA2,31.8617,4.543
19/11/2016,TTTA,TTTA3,20.2822,3.794
19/11/2016,TTTA,TTTA4,24.2508,4.0745
19/11/2016,TTTA,TTTA5,45.4607,5.207
19/11/2016,TTTA,TTTA6,21.5673,3.7395
19/11/2016,TTTA,TTTA7,40.2024,4.9785
19/11/2016,TTTA,TTTA8,31.519,4.4695
19/11/2016,TTTA,TTTA9,24.719,4.2745
19/11/2016,TTTA,TTTA10,DEAD,DEAD
19/11/2016,TTTA,TTTA11,35.9394,4.934
19/11/2016,TTTA,TTTA12,41.7985,5.115
19/11/2016,TTTA,TTTA13,20.21,3.908
19/11/2016,TTTA,TTTA14,19.7927,3.899
19/11/2016,TTTA,TTTA15,32.8584,4.884
19/11/2016,TTTA,TTTA16,28.8594,4.384
19/11/2016,TTTA,TTTA17,31.165,4.6135
19/11/2016,TTTA,TTTA18,32.955,4.6605
19/11/2016,TTTA,TTTA19,26.8761,4.272
19/11/2016,TTTA,TTTA20,35.1041,4.9565
05/12/2016,TC,TC1,53.9903,5.5425
05/12/2016,TC,TC2,42.5167,5.0275
05/12/2016,TC,TC3,46.5727,5.1575
05/12/2016,TC,TC4,33.7301,4.64
05/12/2016,TC,TC5,32.9988,4.6375
05/12/2016,TC,TC6,47.6967,5.4175
05/12/2016,TC,TC7,41.6695,5.084
05/12/2016,TC,TC8,41.0216,5.0265
05/12/2016,TC,TC9,54.4556,5.826
05/12/2016,TC,TC10,39.2515,5.2005
05/12/2016,TC,TC11,27.6736,4.2855
05/12/2016,TC,TC12,54.1736,5.5345
05/12/2016,TC,TC13,31.0558,4.5835
05/12/2016,TC,TC14,33.6477,4.7305
05/12/2016,TC,TC15,59.894,5.7235
05/12/2016,TC,TC16,52.8587,5.627
05/12/2016,TC,TC17,59.3262,5.8735
05/12/2016,TC,TC18,59.4177,5.9625
05/12/2016,TC,TC19,24.6583,4.283
05/12/2016,TC,TC20,46.339,5.3715
05/12/2016,TM,TM1,35.8303,4.638
05/12/2016,TM,TM2,52.5151,5.462
05/12/2016,TM,TM3,37.6536,4.9855
05/12/2016,TM,TM4,61.5646,6.0245
05/12/2016,TM,TM5,24.1578,4.1965
05/12/2016,TM,TM6,55.7164,5.9495
05/12/2016,TM,TM7,39.5377,5.106
05/12/2016,TM,TM8,42.4634,5.241
05/12/2016,TM,TM9,49.9302,5.5485
05/12/2016,TM,TM10,38.5618,5.344
05/12/2016,TM,TM11,28.3478,4.2685
05/12/2016,TM,TM12,31.3937,4.472
05/12/2016,TM,TM13,32.5135,4.6135
05/12/2016,TM,TM14,42.6895,4.931
05/12/2016,TM,TM15,37.0815,4.7055
05/12/2016,TM,TM16,31.1088,4.278
05/12/2016,TM,TM17,42.2993,4.9085
05/12/2016,TM,TM18,33.0259,4.3655
05/12/2016,TM,TM19,31.226,4.606
05/12/2016,TM,TM20,44.7385,5.278
05/12/2016,TA,TA1,44.9968,5.3045
05/12/2016,TA,TA2,35.0037,4.8335
05/12/2016,TA,TA3,34.6654,4.848
05/12/2016,TA,TA4,DEAD,DEAD
05/12/2016,TA,TA5,39.2918,5.1625
05/12/2016,TA,TA6,46.2521,5.243
05/12/2016,TA,TA7,51.5544,5.5845
05/12/2016,TA,TA8,30.0928,4.5415
05/12/2016,TA,TA9,48.258,5.5015
05/12/2016,TA,TA10,31.5512,4.816
05/12/2016,TA,TA11,34.5657,4.855
05/12/2016,TA,TA12,52.1496,5.555
05/12/2016,TA,TA13,33.9999,4.735
05/12/2016,TA,TA14,35.4633,4.9225
05/12/2016,TA,TA15,58.3198,5.7815
05/12/2016,TA,TA16,40.1454,4.8905
05/12/2016,TA,TA17,44.5636,4.907
05/12/2016,TA,TA18,33.6427,4.626
05/12/2016,TA,TA19,48.4219,5.45
05/12/2016,TA,TA20,31.7897,4.7345
05/12/2016,TTC,TTC1,53.5822,5.606
05/12/2016,TTC,TTC2,64.342,6.0495
05/12/2016,TTC,TTC3,45.9168,5.0225
05/12/2016,TTC,TTC4,55.3376,5.8465
05/12/2016,TTC,TTC5,47.5427,5.64
05/12/2016,TTC,TTC6,40.6603,4.7905
05/12/2016,TTC,TTC7,41.8704,4.9165
05/12/2016,TTC,TTC8,57.7546,5.4215
05/12/2016,TTC,TTC9,42.253,5.0795
05/12/2016,TTC,TTC10,DEAD,DEAD
05/12/2016,TTC,TTC11,48.913,5.3535
05/12/2016,TTC,TTC12,27.0477,4.4315
05/12/2016,TTC,TTC13,56.4095,5.6815
05/12/2016,TTC,TTC14,39.1468,4.9125
05/12/2016,TTC,TTC15,37.8241,4.8905
05/12/2016,TTC,TTC16,38.8052,4.9935
05/12/2016,TTC,TTC17,43.5705,4.977
05/12/2016,TTC,TTC18,54.0079,5.6595
05/12/2016,TTC,TTC19,38.5528,4.95
05/12/2016,TTC,TTC20,53.3022,5.711
05/12/2016,TTM,TTM1,50.349,5.5585
05/12/2016,TTM,TTM2,49.1318,5.3835
05/12/2016,TTM,TTM3,62.2327,5.805
05/12/2016,TTM,TTM4,53.6851,5.759
05/12/2016,TTM,TTM5,38.6575,5.057
05/12/2016,TTM,TTM6,37.1788,4.808
05/12/2016,TTM,TTM7,56.2324,5.72
05/12/2016,TTM,TTM8,38.1526,5.071
05/12/2016,TTM,TTM9,38.6808,5.1445
05/12/2016,TTM,TTM10,42.7085,5.1585
05/12/2016,TTM,TTM11,41.8662,4.9585
05/12/2016,TTM,TTM12,44.0942,5.119
05/12/2016,TTM,TTM13,56.2335,5.4815
05/12/2016,TTM,TTM14,42.6529,5.1695
05/12/2016,TTM,TTM15,53.0553,5.6695
05/12/2016,TTM,TTM16,34.5711,4.777
05/12/2016,TTM,TTM17,61.5594,5.981
05/12/2016,TTM,TTM18,49.9586,5.667
05/12/2016,TTM,TTM19,41.1352,5.2755
05/12/2016,TTM,TTM20,42.7288,5.4465
05/12/2016,TTA,TTA1,36.2278,4.9115
05/12/2016,TTA,TTA2,37.6655,5.063
05/12/2016,TTA,TTA3,31.4651,4.7465
05/12/2016,TTA,TTA4,50.4534,5.705
05/12/2016,TTA,TTA5,42.5232,5.393
05/12/2016,TTA,TTA6,39.5022,4.792
05/12/2016,TTA,TTA7,42.2938,5.0335
05/12/2016,TTA,TTA8,71.4441,5.884
05/12/2016,TTA,TTA9,28.9727,4.392
05/12/2016,TTA,TTA10,50.2634,5.448
05/12/2016,TTA,TTA11,55.681,5.6605
05/12/2016,TTA,TTA12,34.2376,4.75
05/12/2016,TTA,TTA13,37.2233,5.0655
05/12/2016,TTA,TTA14,42.0038,5.176
05/12/2016,TTA,TTA15,41.997,5.3285
05/12/2016,TTA,TTA16,37.4085,4.949
05/12/2016,TTA,TTA17,57.3707,5.9385
05/12/2016,TTA,TTA18,DEAD,DEAD
05/12/2016,TTA,TTA19,21.3285,4.1235
05/12/2016,TTA,TTA20,36.873,5.039
05/12/2016,TTTC,TTTC1,43.0507,5.207
05/12/2016,TTTC,TTTC2,34.6875,4.841
05/12/2016,TTTC,TTTC3,43.5685,5.199
05/12/2016,TTTC,TTTC4,38.7584,4.941
05/12/2016,TTTC,TTTC5,50.5448,5.3835
05/12/2016,TTTC,TTTC6,53.6531,5.641
05/12/2016,TTTC,TTTC7,46.1766,5.3315
05/12/2016,TTTC,TTTC8,42.2841,5.0985
05/12/2016,TTTC,TTTC9,47.9422,5.25
05/12/2016,TTTC,TTTC10,47.5366,5.412
05/12/2016,TTTC,TTTC11,40.8068,4.939
05/12/2016,TTTC,TTTC12,47.012,5.2385
05/12/2016,TTTC,TTTC13,29.4343,4.316
05/12/2016,TTTC,TTTC14,42.0488,5.1835
05/12/2016,TTTC,TTTC15,34.1507,4.882
05/12/2016,TTTC,TTTC16,46.3514,5.4545
05/12/2016,TTTC,TTTC17,41.2296,5.1665
05/12/2016,TTTC,TTTC18,17.2304,3.6185
05/12/2016,TTTC,TTTC19,41.0554,5.1205
05/12/2016,TTTC,TTTC20,28.9011,4.6535
05/12/2016,TTTM,TTTM1,48.4626,5.27
05/12/2016,TTTM,TTTM2,42.0764,5.1425
05/12/2016,TTTM,TTTM3,31.2097,4.2265
05/12/2016,TTTM,TTTM4,37.9272,4.881
05/12/2016,TTTM,TTTM5,41.7488,5.1315
05/12/2016,TTTM,TTTM6,48.7346,5.0775
05/12/2016,TTTM,TTTM7,42.7225,4.805
05/12/2016,TTTM,TTTM8,44.6806,5.028
05/12/2016,TTTM,TTTM9,43.9285,5.099
05/12/2016,TTTM,TTTM10,34.303,4.5705
05/12/2016,TTTM,TTTM11,54.8673,5.682
05/12/2016,TTTM,TTTM12,40.6857,4.9385
05/12/2016,TTTM,TTTM13,50.8847,5.385
05/12/2016,TTTM,TTTM14,34.192,4.5015
05/12/2016,TTTM,TTTM15,60.4903,5.5305
05/12/2016,TTTM,TTTM16,45.0041,5.1285
05/12/2016,TTTM,TTTM17,39.4237,4.7035
05/12/2016,TTTM,TTTM18,53.7437,5.3365
05/12/2016,TTTM,TTTM19,DEAD,DEAD
05/12/2016,TTTM,TTTM20,44.5096,5.222
05/12/2016,TTTA,TTTA1,37.6217,4.712
05/12/2016,TTTA,TTTA2,51.3582,5.596
05/12/2016,TTTA,TTTA3,35.1585,4.8415
05/12/2016,TTTA,TTTA4,36.2305,5.036
05/12/2016,TTTA,TTTA5,60.8437,5.704
05/12/2016,TTTA,TTTA6,36.1883,4.833
05/12/2016,TTTA,TTTA7,56.9299,5.6225
05/12/2016,TTTA,TTTA8,56.0396,5.6305
05/12/2016,TTTA,TTTA9,44.4931,5.241
05/12/2016,TTTA,TTTA10,DEAD,DEAD
05/12/2016,TTTA,TTTA11,50.6542,5.403
05/12/2016,TTTA,TTTA12,58.9746,5.823
05/12/2016,TTTA,TTTA13,35.8108,4.9165
05/12/2016,TTTA,TTTA14,32.434,4.671
05/12/2016,TTTA,TTTA15,52.6037,5.582
05/12/2016,TTTA,TTTA16,43.1662,4.9605
05/12/2016,TTTA,TTTA17,49.2238,5.219
05/12/2016,TTTA,TTTA18,49.6949,5.388
05/12/2016,TTTA,TTTA19,DEAD,DEAD
05/12/2016,TTTA,TTTA20,51.8028,5.2605
19/12/2016,TC,TC1,92.1773,6.778
19/12/2016,TC,TC2,68.4835,5.898
19/12/2016,TC,TC3,78.3012,6.1385
19/12/2016,TC,TC4,62.8337,5.7685
19/12/2016,TC,TC5,53.1488,5.3625
19/12/2016,TC,TC6,79.8481,6.0045
19/12/2016,TC,TC7,74.1995,6.0635
19/12/2016,TC,TC8,78.998,5.9335
19/12/2016,TC,TC9,90.2195,6.5795
19/12/2016,TC,TC10,71.1201,6.154
19/12/2016,TC,TC11,52.692,4.962
19/12/2016,TC,TC12,87.3688,6.395
19/12/2016,TC,TC13,58.507,5.821
19/12/2016,TC,TC14,56.733,5.464
19/12/2016,TC,TC15,93.3524,6.796
19/12/2016,TC,TC16,87.452,6.3765
19/12/2016,TC,TC17,88.7715,6.6025
19/12/2016,TC,TC18,96.1858,6.681
19/12/2016,TC,TC19,51.9024,5.3195
19/12/2016,TC,TC20,83.401,6.5495
19/12/2016,TM,TM1,63.5066,5.596
19/12/2016,TM,TM2,94.1438,6.5165
19/12/2016,TM,TM3,72.4648,5.98
19/12/2016,TM,TM4,79.4779,6.285
19/12/2016,TM,TM5,45.9745,5.2505
19/12/2016,TM,TM6,90.2227,6.5265
19/12/2016,TM,TM7,72.0463,5.837
19/12/2016,TM,TM8,63.4441,5.65
19/12/2016,TM,TM9,88.471,6.278
19/12/2016,TM,TM10,74.3744,6.2915
19/12/2016,TM,TM11,51.1336,5.1185
19/12/2016,TM,TM12,57.8593,5.431
19/12/2016,TM,TM13,51.6015,5.2815
19/12/2016,TM,TM14,58.0438,5.655
19/12/2016,TM,TM15,57.3699,5.684
19/12/2016,TM,TM16,51.4127,5.3505
19/12/2016,TM,TM17,57.415,5.5895
19/12/2016,TM,TM18,58.5275,5.3255
19/12/2016,TM,TM19,55.9513,5.701
19/12/2016,TM,TM20,70.8659,5.911
19/12/2016,TA,TA1,72.2673,5.932
19/12/2016,TA,TA2,58.0021,5.3875
19/12/2016,TA,TA3,68.0535,5.776
19/12/2016,TA,TA4,DEAD,DEAD
19/12/2016,TA,TA5,67.0424,5.921
19/12/2016,TA,TA6,73.8654,5.824
19/12/2016,TA,TA7,87.3355,6.453
19/12/2016,TA,TA8,57.7561,5.4125
19/12/2016,TA,TA9,74.8583,6.3595
19/12/2016,TA,TA10,46.3422,5.2675
19/12/2016,TA,TA11,47.9958,5.074
19/12/2016,TA,TA12,80.0205,6.283
19/12/2016,TA,TA13,57.9322,5.436
19/12/2016,TA,TA14,61.5799,5.656
19/12/2016,TA,TA15,97.1412,6.634
19/12/2016,TA,TA16,70.9402,5.653
19/12/2016,TA,TA17,58.8866,5.415
19/12/2016,TA,TA18,53.6836,5.1215
19/12/2016,TA,TA19,80.3323,6.104
19/12/2016,TA,TA20,49.915,5.3915
19/12/2016,TTC,TTC1,84.6614,6.4965
19/12/2016,TTC,TTC2,98.2588,6.7865
19/12/2016,TTC,TTC3,65.9401,5.6345
19/12/2016,TTC,TTC4,76.084,6.3915
19/12/2016,TTC,TTC5,75.4118,6.4615
19/12/2016,TTC,TTC6,74.7651,5.8595
19/12/2016,TTC,TTC7,62.8038,5.5885
19/12/2016,TTC,TTC8,92.8426,6.7
19/12/2016,TTC,TTC9,68.083,6.0165
19/12/2016,TTC,TTC10,DEAD,DEAD
19/12/2016,TTC,TTC11,75.0523,5.7575
19/12/2016,TTC,TTC12,48.0313,4.9725
19/12/2016,TTC,TTC13,83.3077,6.1505
19/12/2016,TTC,TTC14,81.7403,6.182
19/12/2016,TTC,TTC15,79.0909,6.095
19/12/2016,TTC,TTC16,62.6666,5.3
19/12/2016,TTC,TTC17,63.5375,5.5235
19/12/2016,TTC,TTC18,74.6917,5.8695
19/12/2016,TTC,TTC19,60.176,5.486
19/12/2016,TTC,TTC20,81.8339,6.231
19/12/2016,TTM,TTM1,67.9938,5.7625
19/12/2016,TTM,TTM2,75.0094,5.836
19/12/2016,TTM,TTM3,92.1008,6.47
19/12/2016,TTM,TTM4,72.2928,6.1685
19/12/2016,TTM,TTM5,59.8167,5.7335
19/12/2016,TTM,TTM6,67.5019,5.783
19/12/2016,TTM,TTM7,93.1782,6.229
19/12/2016,TTM,TTM8,67.9491,5.8115
19/12/2016,TTM,TTM9,62.0206,5.8505
19/12/2016,TTM,TTM10,55.6233,5.6015
19/12/2016,TTM,TTM11,66.1155,5.716
19/12/2016,TTM,TTM12,71.5735,5.99
19/12/2016,TTM,TTM13,85.9969,6.185
19/12/2016,TTM,TTM14,75.1612,6.126
19/12/2016,TTM,TTM15,85.9962,6.6045
19/12/2016,TTM,TTM16,60.8785,5.4805
19/12/2016,TTM,TTM17,95.207,6.403
19/12/2016,TTM,TTM18,76.8433,6.0855
19/12/2016,TTM,TTM19,61.5366,5.661
19/12/2016,TTM,TTM20,74.1252,6.1185
19/12/2016,TTA,TTA1,60.4447,5.473
19/12/2016,TTA,TTA2,68.1042,5.415
19/12/2016,TTA,TTA3,63.3145,5.5225
19/12/2016,TTA,TTA4,87.0644,6.241
19/12/2016,TTA,TTA5,75.1368,5.926
19/12/2016,TTA,TTA6,53.9951,5.2375
19/12/2016,TTA,TTA7,72.2606,5.94
19/12/2016,TTA,TTA8,107.5299,6.8375
19/12/2016,TTA,TTA9,55.4744,5.616
19/12/2016,TTA,TTA10,87.6788,6.513
19/12/2016,TTA,TTA11,94.0815,6.289
19/12/2016,TTA,TTA12,63.3877,5.6725
19/12/2016,TTA,TTA13,56.6154,5.3585
19/12/2016,TTA,TTA14,61.3488,5.4395
19/12/2016,TTA,TTA15,65.5807,6.0705
19/12/2016,TTA,TTA16,47.9588,4.894
19/12/2016,TTA,TTA17,80.3792,5.979
19/12/2016,TTA,TTA18,DEAD,DEAD
19/12/2016,TTA,TTA19,30.9091,4.2735
19/12/2016,TTA,TTA20,58.9777,5.537
19/12/2016,TTTC,TTTC1,69.1902,5.917
19/12/2016,TTTC,TTTC2,59.1264,5.4575
19/12/2016,TTTC,TTTC3,64.3564,5.673
19/12/2016,TTTC,TTTC4,66.3335,5.789
19/12/2016,TTTC,TTTC5,70.1747,5.9535
19/12/2016,TTTC,TTTC6,83.9487,6.0775
19/12/2016,TTTC,TTTC7,83.1695,6.122
19/12/2016,TTTC,TTTC8,76.2862,6.009
19/12/2016,TTTC,TTTC9,83.94,6.208
19/12/2016,TTTC,TTTC10,68.4278,5.8155
19/12/2016,TTTC,TTTC11,56.1288,5.4085
19/12/2016,TTTC,TTTC12,77.4263,6.005
19/12/2016,TTTC,TTTC13,51.19,5.0295
19/12/2016,TTTC,TTTC14,47.6835,5.16
19/12/2016,TTTC,TTTC15,53.5157,5.362
19/12/2016,TTTC,TTTC16,62.0677,5.5585
19/12/2016,TTTC,TTTC17,69.3786,5.716
19/12/2016,TTTC,TTTC18,43.2741,4.5595
19/12/2016,TTTC,TTTC19,58.3746,5.3785
19/12/2016,TTTC,TTTC20,59.1101,5.676
19/12/2016,TTTM,TTTM1,68.8882,5.7625
19/12/2016,TTTM,TTTM2,68.3136,5.849
19/12/2016,TTTM,TTTM3,58.72,5.0305
19/12/2016,TTTM,TTTM4,56.6973,5.4605
19/12/2016,TTTM,TTTM5,67.2654,5.9635
19/12/2016,TTTM,TTTM6,80.2413,6.0105
19/12/2016,TTTM,TTTM7,65.1385,5.5895
19/12/2016,TTTM,TTTM8,70.0993,5.914
19/12/2016,TTTM,TTTM9,63.3337,5.796
19/12/2016,TTTM,TTTM10,58.7755,5.4565
19/12/2016,TTTM,TTTM11,65.0718,6.1475
19/12/2016,TTTM,TTTM12,61.3738,5.5785
19/12/2016,TTTM,TTTM13,71.6955,5.778
19/12/2016,TTTM,TTTM14,45.8505,4.8465
19/12/2016,TTTM,TTTM15,84.6725,6.3145
19/12/2016,TTTM,TTTM16,58.4549,5.491
19/12/2016,TTTM,TTTM17,54.9722,5.165
19/12/2016,TTTM,TTTM18,89.0491,6.2225
19/12/2016,TTTM,TTTM19,DEAD,DEAD
19/12/2016,TTTM,TTTM20,62.7102,5.859
19/12/2016,TTTA,TTTA1,57.8388,5.2845
19/12/2016,TTTA,TTTA2,80.4537,6.3365
19/12/2016,TTTA,TTTA3,59.5033,5.846
19/12/2016,TTTA,TTTA4,49.8339,5.44
19/12/2016,TTTA,TTTA5,83.2717,6.648
19/12/2016,TTTA,TTTA6,68.0353,5.7575
19/12/2016,TTTA,TTTA7,76.0916,6.0395
19/12/2016,TTTA,TTTA8,70.8703,5.8525
19/12/2016,TTTA,TTTA9,78.2017,6.1655
19/12/2016,TTTA,TTTA10,DEAD,DEAD
19/12/2016,TTTA,TTTA11,67.3273,5.7285
19/12/2016,TTTA,TTTA12,74.3924,6.0105
19/12/2016,TTTA,TTTA13,52.2092,5.474
19/12/2016,TTTA,TTTA14,53.1922,5.4115
19/12/2016,TTTA,TTTA15,81.2438,6.451
19/12/2016,TTTA,TTTA16,63.5221,5.4565
19/12/2016,TTTA,TTTA17,70.0006,6.034
19/12/2016,TTTA,TTTA18,70.0044,5.967
19/12/2016,TTTA,TTTA19,DEAD,DEAD
19/12/2016,TTTA,TTTA20,73.401,6.137
02/01/2017,TC,TC1,121.6012,7.2315
02/01/2017,TC,TC2,95.6291,6.745
02/01/2017,TC,TC3,113.2959,7.128
02/01/2017,TC,TC4,108.6658,6.8465
02/01/2017,TC,TC5,81.1356,6.4155
02/01/2017,TC,TC6,118.7399,7.048
02/01/2017,TC,TC7,98.9399,6.849
02/01/2017,TC,TC8,116.1992,7.0685
02/01/2017,TC,TC9,126.6993,7.409
02/01/2017,TC,TC10,105.1822,7.1425
02/01/2017,TC,TC11,75.7611,6.1845
02/01/2017,TC,TC12,121.7226,7.2335
02/01/2017,TC,TC13,91.103,6.878
02/01/2017,TC,TC14,77.593,6.2995
02/01/2017,TC,TC15,123.6658,7.375
02/01/2017,TC,TC16,111.8948,7.093
02/01/2017,TC,TC17,109.3408,7.192
02/01/2017,TC,TC18,121.658,7.5675
02/01/2017,TC,TC19,81.779,6.72
02/01/2017,TC,TC20,117.4456,7.893
02/01/2017,TM,TM1,95.9061,6.711
02/01/2017,TM,TM2,134.237,7.376
02/01/2017,TM,TM3,117.8043,7.247
02/01/2017,TM,TM4,99.0154,7.0495
02/01/2017,TM,TM5,70.3447,6.3155
02/01/2017,TM,TM6,122.4874,7.296
02/01/2017,TM,TM7,101.3373,6.8865
02/01/2017,TM,TM8,81.9232,6.352
02/01/2017,TM,TM9,127.9903,7.2365
02/01/2017,TM,TM10,111.0342,7.3755
02/01/2017,TM,TM11,67.3492,5.4735
02/01/2017,TM,TM12,85.2118,6.2185
02/01/2017,TM,TM13,73.9435,5.89
02/01/2017,TM,TM14,77.9085,6.2035
02/01/2017,TM,TM15,81.4336,6.2885
02/01/2017,TM,TM16,68.2413,5.94
02/01/2017,TM,TM17,72.9119,5.995
02/01/2017,TM,TM18,78.8172,5.781
02/01/2017,TM,TM19,81.3992,6.5135
02/01/2017,TM,TM20,94.5055,6.7035
02/01/2017,TA,TA1,108.19,7.0195
02/01/2017,TA,TA2,80.7645,6.3415
02/01/2017,TA,TA3,102.0471,6.9145
02/01/2017,TA,TA4,DEAD,DEAD
02/01/2017,TA,TA5,99.7937,7.1255
02/01/2017,TA,TA6,101.3679,6.5135
02/01/2017,TA,TA7,124.009,7.083
02/01/2017,TA,TA8,89.8105,6.3545
02/01/2017,TA,TA9,96.7593,6.6025
02/01/2017,TA,TA10,62.2781,5.6485
02/01/2017,TA,TA11,61.8205,5.568
02/01/2017,TA,TA12,108.0267,6.7765
02/01/2017,TA,TA13,80.5638,6.2
02/01/2017,TA,TA14,85.835,6.5075
02/01/2017,TA,TA15,129.7111,7.5025
02/01/2017,TA,TA16,101.7604,6.942
02/01/2017,TA,TA17,72.4557,6.1475
02/01/2017,TA,TA18,75.8666,6.183
02/01/2017,TA,TA19,111.9035,7.356
02/01/2017,TA,TA20,68.5332,6.313
02/01/2017,TTC,TTC1,120.2658,7.17
02/01/2017,TTC,TTC2,134.5634,7.376
02/01/2017,TTC,TTC3,86.2375,6.235
02/01/2017,TTC,TTC4,90.6814,6.951
02/01/2017,TTC,TTC5,97.9637,7.0715
02/01/2017,TTC,TTC6,104.4537,6.7765
02/01/2017,TTC,TTC7,81.0775,6.1995
02/01/2017,TTC,TTC8,122.0211,7.456
02/01/2017,TTC,TTC9,91.8086,6.829
02/01/2017,TTC,TTC10,DEAD,DEAD
02/01/2017,TTC,TTC11,91.3246,6.5765
02/01/2017,TTC,TTC12,77.2544,6.1745
02/01/2017,TTC,TTC13,107.5756,7.1935
02/01/2017,TTC,TTC14,121.9501,7.3095
02/01/2017,TTC,TTC15,120.2861,7.732
02/01/2017,TTC,TTC16,81.936,6.411
02/01/2017,TTC,TTC17,84.557,6.2045
02/01/2017,TTC,TTC18,97.8212,6.7845
02/01/2017,TTC,TTC19,79.7366,6.4245
02/01/2017,TTC,TTC20,108.2261,7.054
02/01/2017,TTM,TTM1,91.8516,6.6635
02/01/2017,TTM,TTM2,95.7331,6.632
02/01/2017,TTM,TTM3,109.9942,7.234
02/01/2017,TTM,TTM4,86.2969,6.5605
02/01/2017,TTM,TTM5,81.4887,6.6755
02/01/2017,TTM,TTM6,95.2928,6.59
02/01/2017,TTM,TTM7,117.0379,6.952
02/01/2017,TTM,TTM8,98.9635,6.8485
02/01/2017,TTM,TTM9,80.4933,6.514
02/01/2017,TTM,TTM10,76.0071,6.2525
02/01/2017,TTM,TTM11,90.1733,6.5195
02/01/2017,TTM,TTM12,94.1222,6.778
02/01/2017,TTM,TTM13,108.3239,7.362
02/01/2017,TTM,TTM14,102.9048,7.328
02/01/2017,TTM,TTM15,114.107,7.8475
02/01/2017,TTM,TTM16,82.085,6.037
02/01/2017,TTM,TTM17,118.9179,6.955
02/01/2017,TTM,TTM18,98.0836,6.7545
02/01/2017,TTM,TTM19,85.1445,6.3735
02/01/2017,TTM,TTM20,105.1626,7.031
02/01/2017,TTA,TTA1,78.0927,6.376
02/01/2017,TTA,TTA2,76.5218,6.3205
02/01/2017,TTA,TTA3,91.4588,6.773
02/01/2017,TTA,TTA4,125.5706,7.6845
02/01/2017,TTA,TTA5,104.3823,7.39
02/01/2017,TTA,TTA6,65.9768,5.6595
02/01/2017,TTA,TTA7,105.7689,6.9045
02/01/2017,TTA,TTA8,142.0072,7.706
02/01/2017,TTA,TTA9,78.7445,6.3205
02/01/2017,TTA,TTA10,133.2664,7.516
02/01/2017,TTA,TTA11,127.6408,7.0425
02/01/2017,TTA,TTA12,96.1074,6.777
02/01/2017,TTA,TTA13,73.8282,6.0065
02/01/2017,TTA,TTA14,79.3528,6.168
02/01/2017,TTA,TTA15,82.4588,6.47
02/01/2017,TTA,TTA16,67.0174,6.0735
02/01/2017,TTA,TTA17,104.1362,6.8285
02/01/2017,TTA,TTA18,DEAD,DEAD
02/01/2017,TTA,TTA19,40.3657,4.876
02/01/2017,TTA,TTA20,76.575,6.207
02/01/2017,TTTC,TTTC1,89.0168,6.584
02/01/2017,TTTC,TTTC2,71.4369,6.089
02/01/2017,TTTC,TTTC3,78.4508,6.2305
02/01/2017,TTTC,TTTC4,86.128,6.5835
02/01/2017,TTTC,TTTC5,79.5274,6.5315
02/01/2017,TTTC,TTTC6,106.2677,7.302
02/01/2017,TTTC,TTTC7,111.4732,7.0795
02/01/2017,TTTC,TTTC8,101.6866,6.8455
02/01/2017,TTTC,TTTC9,112.4501,7.033
02/01/2017,TTTC,TTTC10,85.7536,6.585
02/01/2017,TTTC,TTTC11,72.7112,6.1835
02/01/2017,TTTC,TTTC12,104.0813,7.0795
02/01/2017,TTTC,TTTC13,68.3383,5.9375
02/01/2017,TTTC,TTTC14,57.59,5.9625
02/01/2017,TTTC,TTTC15,67.5701,6.272
02/01/2017,TTTC,TTTC16,73.3394,6.2545
02/01/2017,TTTC,TTTC17,83.7521,6.624
02/01/2017,TTTC,TTTC18,79.4338,6.1755
02/01/2017,TTTC,TTTC19,69.9329,6.0175
02/01/2017,TTTC,TTTC20,78.9577,6.5985
02/01/2017,TTTM,TTTM1,82.8937,6.227
02/01/2017,TTTM,TTTM2,89.0223,6.6205
02/01/2017,TTTM,TTTM3,79.4352,5.6085
02/01/2017,TTTM,TTTM4,75.2801,6.0905
02/01/2017,TTTM,TTTM5,86.3144,6.5515
02/01/2017,TTTM,TTTM6,109.0824,7.012
02/01/2017,TTTM,TTTM7,82.2849,6.2935
02/01/2017,TTTM,TTTM8,89.0505,6.6845
02/01/2017,TTTM,TTTM9,77.8566,6.401
02/01/2017,TTTM,TTTM10,76.9218,6.366
02/01/2017,TTTM,TTTM11,91.1158,6.6845
02/01/2017,TTTM,TTTM12,76.1913,6.336
02/01/2017,TTTM,TTTM13,86.503,6.722
02/01/2017,TTTM,TTTM14,59.5323,5.816
02/01/2017,TTTM,TTTM15,104.8373,7.3145
02/01/2017,TTTM,TTTM16,70.142,6.13
02/01/2017,TTTM,TTTM17,66.5024,5.789
02/01/2017,TTTM,TTTM18,110.0352,7.006
02/01/2017,TTTM,TTTM19,DEAD,DEAD
02/01/2017,TTTM,TTTM20,74.1301,6.395
02/01/2017,TTTA,TTTA1,73.0943,5.856
02/01/2017,TTTA,TTTA2,101.8004,7.0435
02/01/2017,TTTA,TTTA3,82.522,6.6305
02/01/2017,TTTA,TTTA4,59.5508,5.8025
02/01/2017,TTTA,TTTA5,101.5,7.0445
02/01/2017,TTTA,TTTA6,88.5498,6.638
02/01/2017,TTTA,TTTA7,91.7075,6.8715
02/01/2017,TTTA,TTTA8,91.4042,6.7405
02/01/2017,TTTA,TTTA9,106.0947,7.4205
02/01/2017,TTTA,TTTA10,DEAD,DEAD
02/01/2017,TTTA,TTTA11,78.2983,6.0275
02/01/2017,TTTA,TTTA12,89.6427,6.58
02/01/2017,TTTA,TTTA13,66.7894,6.019
02/01/2017,TTTA,TTTA14,66.4364,5.993
02/01/2017,TTTA,TTTA15,96.589,6.6695
02/01/2017,TTTA,TTTA16,83.7467,6.2355
02/01/2017,TTTA,TTTA17,82.6013,6.472
02/01/2017,TTTA,TTTA18,82.3407,6.5885
02/01/2017,TTTA,TTTA19,DEAD,DEAD
02/01/2017,TTTA,TTTA20,90.4785,6.8795
16/01/2017,TC,TC1,143.752,7.415
16/01/2017,TC,TC2,115.0222,7.19
16/01/2017,TC,TC3,127.0022,7.2935
16/01/2017,TC,TC4,151.7122,7.7065
16/01/2017,TC,TC5,112.81687,7.0985
16/01/2017,TC,TC6,142.8756,7.3325
16/01/2017,TC,TC7,121.1109,7.3695
16/01/2017,TC,TC8,148.5111,7.6455
16/01/2017,TC,TC9,152.6588,7.8245
16/01/2017,TC,TC10,123.3545,7.3085
16/01/2017,TC,TC11,97.8023,6.5195
16/01/2017,TC,TC12,145.8646,7.7265
16/01/2017,TC,TC13,121.1094,7.5295
16/01/2017,TC,TC14,94.3099,6.794
16/01/2017,TC,TC15,142.7805,7.782
16/01/2017,TC,TC16,136.2567,7.284
16/01/2017,TC,TC17,132.0595,7.203
16/01/2017,TC,TC18,143.3377,7.6865
16/01/2017,TC,TC19,106.3823,6.7905
16/01/2017,TC,TC20,146.7771,8.1235
16/01/2017,TM,TM1,123.9193,7.2025
16/01/2017,TM,TM2,163.3979,7.998
16/01/2017,TM,TM3,146.3445,8.096
16/01/2017,TM,TM4,124.8805,7.5215
16/01/2017,TM,TM5,96.2021,7.1475
16/01/2017,TM,TM6,144.4837,7.72
16/01/2017,TM,TM7,121.0435,7.139
16/01/2017,TM,TM8,94.7974,6.356
16/01/2017,TM,TM9,156.6058,7.4835
16/01/2017,TM,TM10,155.4557,7.883
16/01/2017,TM,TM11,76.7903,5.8335
16/01/2017,TM,TM12,108.4129,6.7575
16/01/2017,TM,TM13,92.8975,6.4855
16/01/2017,TM,TM14,92.6305,6.5755
16/01/2017,TM,TM15,101.9729,6.514
16/01/2017,TM,TM16,78.9582,6.0985
16/01/2017,TM,TM17,92.5735,6.724
16/01/2017,TM,TM18,78.265,5.9375
16/01/2017,TM,TM19,99.9381,6.807
16/01/2017,TM,TM20,111.3792,6.825
16/01/2017,TA,TA1,132.7295,7.0545
16/01/2017,TA,TA2,97.5439,6.4245
16/01/2017,TA,TA3,135.7857,7.3235
16/01/2017,TA,TA4,DEAD,DEAD
16/01/2017,TA,TA5,127.2449,7.0925
16/01/2017,TA,TA6,125.3564,7.3525
16/01/2017,TA,TA7,155.264,7.878
16/01/2017,TA,TA8,126.0434,7.3315
16/01/2017,TA,TA9,116.1104,7.347
16/01/2017,TA,TA10,76.7446,6.406
16/01/2017,TA,TA11,78.0191,6.05
16/01/2017,TA,TA12,136.8499,7.515
16/01/2017,TA,TA13,98.611,6.625
16/01/2017,TA,TA14,103.8518,7.0545
16/01/2017,TA,TA15,148.7205,7.946
16/01/2017,TA,TA16,122.0818,6.9965
16/01/2017,TA,TA17,85.9362,6.2725
16/01/2017,TA,TA18,92.8908,6.223
16/01/2017,TA,TA19,129.5434,7.256
16/01/2017,TA,TA20,80.8063,6.634
16/01/2017,TTC,TTC1,145.7622,7.6715
16/01/2017,TTC,TTC2,155.4629,7.733
16/01/2017,TTC,TTC3,100.3182,6.195
16/01/2017,TTC,TTC4,108.1343,6.8845
16/01/2017,TTC,TTC5,115.9391,7.1415
16/01/2017,TTC,TTC6,122.932,7.0405
16/01/2017,TTC,TTC7,97.6141,6.7145
16/01/2017,TTC,TTC8,134.9013,7.725
16/01/2017,TTC,TTC9,108.6465,6.9635
16/01/2017,TTC,TTC10,DEAD,DEAD
16/01/2017,TTC,TTC11,100.4078,6.929
16/01/2017,TTC,TTC12,106.1443,7.0375
16/01/2017,TTC,TTC13,126.0336,7.3845
16/01/2017,TTC,TTC14,156.8105,7.9795
16/01/2017,TTC,TTC15,159.606,7.9785
16/01/2017,TTC,TTC16,91.2259,6.348
16/01/2017,TTC,TTC17,101.7705,6.5245
16/01/2017,TTC,TTC18,107.5582,6.8095
16/01/2017,TTC,TTC19,91.0664,6.5415
16/01/2017,TTC,TTC20,117.7107,7.1825
16/01/2017,TTM,TTM1,110.8967,7.1135
16/01/2017,TTM,TTM2,111.4606,7.1085
16/01/2017,TTM,TTM3,121.792,7.17
16/01/2017,TTM,TTM4,99.6098,6.9925
16/01/2017,TTM,TTM5,95.0639,7.1385
16/01/2017,TTM,TTM6,121.3629,7.062
16/01/2017,TTM,TTM7,136.2255,7.191
16/01/2017,TTM,TTM8,124.8302,7.4935
16/01/2017,TTM,TTM9,94.7537,6.6145
16/01/2017,TTM,TTM10,91.7475,6.7035
16/01/2017,TTM,TTM11,104.099,6.852
16/01/2017,TTM,TTM12,110.6774,7.044
16/01/2017,TTM,TTM13,126.4793,7.341
16/01/2017,TTM,TTM14,116.2344,7.155
16/01/2017,TTM,TTM15,129.4471,7.477
16/01/2017,TTM,TTM16,98.8974,6.634
16/01/2017,TTM,TTM17,140.2154,7.6675
16/01/2017,TTM,TTM18,117.288,7.084
16/01/2017,TTM,TTM19,97.4511,6.629
16/01/2017,TTM,TTM20,131.1246,7.446
16/01/2017,TTA,TTA1,92.0538,6.5435
16/01/2017,TTA,TTA2,87.8653,6.341
16/01/2017,TTA,TTA3,117.6135,7.104
16/01/2017,TTA,TTA4,147.2032,7.813
16/01/2017,TTA,TTA5,127.34,7.4095
16/01/2017,TTA,TTA6,78.1722,6.3185
16/01/2017,TTA,TTA7,130.5467,7.449
16/01/2017,TTA,TTA8,173.4751,7.9745
16/01/2017,TTA,TTA9,97.8874,6.7325
16/01/2017,TTA,TTA10,175.1542,8.0255
16/01/2017,TTA,TTA11,170.6716,8.0555
16/01/2017,TTA,TTA12,121.2971,7.2695
16/01/2017,TTA,TTA13,89.4934,6.462
16/01/2017,TTA,TTA14,90.3376,6.5225
16/01/2017,TTA,TTA15,94.1358,6.632
16/01/2017,TTA,TTA16,80.916,6.201
16/01/2017,TTA,TTA17,119.2346,7.081
16/01/2017,TTA,TTA18,DEAD,DEAD
16/01/2017,TTA,TTA19,50.0879,5.309
16/01/2017,TTA,TTA20,84.8433,6.472
16/01/2017,TTTC,TTTC1,110.067,6.578
16/01/2017,TTTC,TTTC2,80.716,6.026
16/01/2017,TTTC,TTTC3,89.4264,6.223
16/01/2017,TTTC,TTTC4,103.4859,6.735
16/01/2017,TTTC,TTTC5,90.2696,6.4255
16/01/2017,TTTC,TTTC6,114.7208,7.0705
16/01/2017,TTTC,TTTC7,132.9826,7.3275
16/01/2017,TTTC,TTTC8,117.03,7.0945
16/01/2017,TTTC,TTTC9,122.638,7.0825
16/01/2017,TTTC,TTTC10,92.1188,6.4195
16/01/2017,TTTC,TTTC11,81.0897,6.1655
16/01/2017,TTTC,TTTC12,130.0945,7.3545
16/01/2017,TTTC,TTTC13,80.5331,5.962
16/01/2017,TTTC,TTTC14,63.9537,5.803
16/01/2017,TTTC,TTTC15,80.1407,6.3105
16/01/2017,TTTC,TTTC16,83.1275,6.3855
16/01/2017,TTTC,TTTC17,99.4275,6.7915
16/01/2017,TTTC,TTTC18,100.4833,6.5595
16/01/2017,TTTC,TTTC19,78.816,6.035
16/01/2017,TTTC,TTTC20,92.2529,6.7365
16/01/2017,TTTM,TTTM1,93.3674,6.635
16/01/2017,TTTM,TTTM2,109.9182,6.9165
16/01/2017,TTTM,TTTM3,96.5434,6.069
16/01/2017,TTTM,TTTM4,87.784,6.3935
16/01/2017,TTTM,TTTM5,99.5187,6.768
16/01/2017,TTTM,TTTM6,128.5374,7.11
16/01/2017,TTTM,TTTM7,88.9773,6.262
16/01/2017,TTTM,TTTM8,99.4715,6.821
16/01/2017,TTTM,TTTM9,94.8846,6.6785
16/01/2017,TTTM,TTTM10,92.604,6.673
16/01/2017,TTTM,TTTM11,95.7263,6.613
16/01/2017,TTTM,TTTM12,DEAD,DEAD
16/01/2017,TTTM,TTTM13,91.3871,6.478
16/01/2017,TTTM,TTTM14,67.6241,5.9405
16/01/2017,TTTM,TTTM15,113.5175,7.087
16/01/2017,TTTM,TTTM16,75.9325,5.9545
16/01/2017,TTTM,TTTM17,74.7283,5.772
16/01/2017,TTTM,TTTM18,122.8729,7.0855
16/01/2017,TTTM,TTTM19,DEAD,DEAD
16/01/2017,TTTM,TTTM20,82.5411,6.619
16/01/2017,TTTA,TTTA1,80.9871,6.274
16/01/2017,TTTA,TTTA2,114.104,7.6105
16/01/2017,TTTA,TTTA3,95.0225,7.0645
16/01/2017,TTTA,TTTA4,67.6579,6.0705
16/01/2017,TTTA,TTTA5,112.287,7.1345
16/01/2017,TTTA,TTTA6,97.9414,6.9925
16/01/2017,TTTA,TTTA7,104.2384,7.2065
16/01/2017,TTTA,TTTA8,111.3726,7.261
16/01/2017,TTTA,TTTA9,129.9331,7.6055
16/01/2017,TTTA,TTTA10,DEAD,DEAD
16/01/2017,TTTA,TTTA11,83.5974,6.4
16/01/2017,TTTA,TTTA12,96.321,6.8625
16/01/2017,TTTA,TTTA13,79.5427,6.46
16/01/2017,TTTA,TTTA14,76.9453,6.399
16/01/2017,TTTA,TTTA15,102.4501,6.967
16/01/2017,TTTA,TTTA16,85.3855,6.4075
16/01/2017,TTTA,TTTA17,87.5332,6.4565
16/01/2017,TTTA,TTTA18,87.7191,6.5255
16/01/2017,TTTA,TTTA19,DEAD,DEAD
16/01/2017,TTTA,TTTA20,94.8585,6.678
30/01/2017,TC,TC1,163.9241,8.3575
30/01/2017,TC,TC2,139.5167,7.5215
30/01/2017,TC,TC3,148.944,7.766
30/01/2017,TC,TC4,200.7669,8.517
30/01/2017,TC,TC5,137.5674,7.605
30/01/2017,TC,TC6,168.9454,7.8615
30/01/2017,TC,TC7,142.1124,7.67
30/01/2017,TC,TC8,181.167,8.2465
30/01/2017,TC,TC9,178.4321,8.32
30/01/2017,TC,TC10,134.918,7.551
30/01/2017,TC,TC11,121.1488,7.204
30/01/2017,TC,TC12,163.0601,8.1895
30/01/2017,TC,TC13,157.4716,8.388
30/01/2017,TC,TC14,114.2331,7.306
30/01/2017,TC,TC15,160.8447,8.2225
30/01/2017,TC,TC16,158.3205,8.2575
30/01/2017,TC,TC17,153.7382,8.083
30/01/2017,TC,TC18,165.8968,8.279
30/01/2017,TC,TC19,126.6641,7.481
30/01/2017,TC,TC20,166.5265,8.1265
30/01/2017,TM,TM1,141.5546,7.787
30/01/2017,TM,TM2,192.9023,8.535
30/01/2017,TM,TM3,175.4334,8.394
30/01/2017,TM,TM4,139.3956,7.9905
30/01/2017,TM,TM5,115.9612,7.5415
30/01/2017,TM,TM6,163.9096,8.2665
30/01/2017,TM,TM7,139.7263,7.737
30/01/2017,TM,TM8,110.4702,6.7935
30/01/2017,TM,TM9,186.0634,8.213
30/01/2017,TM,TM10,194.049,8.582
30/01/2017,TM,TM11,88.0703,6.62
30/01/2017,TM,TM12,142.0004,8.0995
30/01/2017,TM,TM13,108.7749,7.488
30/01/2017,TM,TM14,108.7102,7.315
30/01/2017,TM,TM15,120.5681,7.427
30/01/2017,TM,TM16,92.1708,6.5895
30/01/2017,TM,TM17,106.7536,7.1305
30/01/2017,TM,TM18,104.995,6.501
30/01/2017,TM,TM19,116.61,7.325
30/01/2017,TM,TM20,128.0562,6.9805
30/01/2017,TA,TA1,167.9051,8.3135
30/01/2017,TA,TA2,120.9293,7.3615
30/01/2017,TA,TA3,173.448,8.1425
30/01/2017,TA,TA4,DEAD,DEAD
30/01/2017,TA,TA5,146.7848,7.6385
30/01/2017,TA,TA6,153.2727,8.071
30/01/2017,TA,TA7,182.4047,8.5075
30/01/2017,TA,TA8,168.5809,8.3145
30/01/2017,TA,TA9,135.3434,7.8955
30/01/2017,TA,TA10,91.9125,6.946
30/01/2017,TA,TA11,92.5232,6.687
30/01/2017,TA,TA12,159.6144,8.213
30/01/2017,TA,TA13,120.3466,7.3795
30/01/2017,TA,TA14,117.4598,7.845
30/01/2017,TA,TA15,171.4014,8.804
30/01/2017,TA,TA16,131.0541,7.307
30/01/2017,TA,TA17,102.4058,7.03
30/01/2017,TA,TA18,108.2182,6.816
30/01/2017,TA,TA19,142.3577,7.8855
30/01/2017,TA,TA20,88.781,6.7995
30/01/2017,TTC,TTC1,173.1051,8.5545
30/01/2017,TTC,TTC2,176.1517,8.607
30/01/2017,TTC,TTC3,112.0535,7.0025
30/01/2017,TTC,TTC4,127.3718,7.9005
30/01/2017,TTC,TTC5,134.0343,7.919
30/01/2017,TTC,TTC6,140.6475,7.533
30/01/2017,TTC,TTC7,108.9227,7.1145
30/01/2017,TTC,TTC8,146.1272,7.9735
30/01/2017,TTC,TTC9,131.4663,7.7885
30/01/2017,TTC,TTC10,DEAD,DEAD
30/01/2017,TTC,TTC11,121.2148,7.2315
30/01/2017,TTC,TTC12,141.6431,7.8875
30/01/2017,TTC,TTC13,146.0655,8.011
30/01/2017,TTC,TTC14,188.7643,8.428
30/01/2017,TTC,TTC15,198.6416,9.105
30/01/2017,TTC,TTC16,105.5965,7.179
30/01/2017,TTC,TTC17,123.1038,7.376
30/01/2017,TTC,TTC18,117.514,7.402
30/01/2017,TTC,TTC19,106.8284,7.191
30/01/2017,TTC,TTC20,123.0557,7.7735
30/01/2017,TTM,TTM1,123.7302,7.517
30/01/2017,TTM,TTM2,127.145,7.3415
30/01/2017,TTM,TTM3,138.8763,7.8005
30/01/2017,TTM,TTM4,113.4862,7.379
30/01/2017,TTM,TTM5,105.7747,7.3545
30/01/2017,TTM,TTM6,150.7772,7.847
30/01/2017,TTM,TTM7,154.6482,7.986
30/01/2017,TTM,TTM8,151.8055,8.1265
30/01/2017,TTM,TTM9,111.7397,7.3035
30/01/2017,TTM,TTM10,105.8249,7.3975
30/01/2017,TTM,TTM11,121.7047,7.17
30/01/2017,TTM,TTM12,129.5916,7.3255
30/01/2017,TTM,TTM13,144.3642,7.6275
30/01/2017,TTM,TTM14,128.8051,7.4945
30/01/2017,TTM,TTM15,146.9525,7.89
30/01/2017,TTM,TTM16,116.5121,7.1765
30/01/2017,TTM,TTM17,163.7047,8.0795
30/01/2017,TTM,TTM18,134.7771,7.8035
30/01/2017,TTM,TTM19,111.1669,7.0585
30/01/2017,TTM,TTM20,154.2641,8.102
30/01/2017,TTA,TTA1,106.7123,7.0865
30/01/2017,TTA,TTA2,99.5944,6.7565
30/01/2017,TTA,TTA3,137.0359,7.5775
30/01/2017,TTA,TTA4,168.335,8.373
30/01/2017,TTA,TTA5,149.475,8.0705
30/01/2017,TTA,TTA6,88.685,6.5185
30/01/2017,TTA,TTA7,150.8349,7.8225
30/01/2017,TTA,TTA8,193.3371,8.567
30/01/2017,TTA,TTA9,106.1161,6.9975
30/01/2017,TTA,TTA10,208.3224,8.755
30/01/2017,TTA,TTA11,220.2,9.0025
30/01/2017,TTA,TTA12,134.7024,7.749
30/01/2017,TTA,TTA13,106.8411,6.895
30/01/2017,TTA,TTA14,104.0247,6.981
30/01/2017,TTA,TTA15,108.3383,7.445
30/01/2017,TTA,TTA16,86.5328,6.4155
30/01/2017,TTA,TTA17,132.0969,7.524
30/01/2017,TTA,TTA18,DEAD,DEAD
30/01/2017,TTA,TTA19,61.786,5.6595
30/01/2017,TTA,TTA20,101.6165,7.052
30/01/2017,TTTC,TTTC1,132.4341,7.458
30/01/2017,TTTC,TTTC2,98.7004,6.774
30/01/2017,TTTC,TTTC3,101.137,6.735
30/01/2017,TTTC,TTTC4,124.3701,7.224
30/01/2017,TTTC,TTTC5,104.1324,6.9865
30/01/2017,TTTC,TTTC6,130.9241,7.5705
30/01/2017,TTTC,TTTC7,156.217,7.871
30/01/2017,TTTC,TTTC8,137.8597,7.8735
30/01/2017,TTTC,TTTC9,129.789,7.58
30/01/2017,TTTC,TTTC10,100.9547,7.1075
30/01/2017,TTTC,TTTC11,94.5633,6.826
30/01/2017,TTTC,TTTC12,146.4011,7.658
30/01/2017,TTTC,TTTC13,98.0625,6.491
30/01/2017,TTTC,TTTC14,76.988,6.276
30/01/2017,TTTC,TTTC15,93.9926,6.836
30/01/2017,TTTC,TTTC16,96.8978,6.7215
30/01/2017,TTTC,TTTC17,118.0402,7.6195
30/01/2017,TTTC,TTTC18,116.5645,7.294
30/01/2017,TTTC,TTTC19,93.172,6.8285
30/01/2017,TTTC,TTTC20,111.2095,7.5465
30/01/2017,TTTM,TTTM1,108.5663,7.018
30/01/2017,TTTM,TTTM2,129.2978,7.4975
30/01/2017,TTTM,TTTM3,113.4228,6.477
30/01/2017,TTTM,TTTM4,106.6145,6.917
30/01/2017,TTTM,TTTM5,116.1251,7.1545
30/01/2017,TTTM,TTTM6,134.7566,7.4485
30/01/2017,TTTM,TTTM7,98.4675,6.565
30/01/2017,TTTM,TTTM8,109.7416,7.104
30/01/2017,TTTM,TTTM9,102.762,6.8085
30/01/2017,TTTM,TTTM10,103.8522,6.833
30/01/2017,TTTM,TTTM11,101.5752,7.1465
30/01/2017,TTTM,TTTM12,DEAD,DEAD
30/01/2017,TTTM,TTTM13,103.7052,6.9795
30/01/2017,TTTM,TTTM14,82.8952,6.6025
30/01/2017,TTTM,TTTM15,123.1343,7.492
30/01/2017,TTTM,TTTM16,86.2082,6.5955
30/01/2017,TTTM,TTTM17,88.8381,6.3735
30/01/2017,TTTM,TTTM18,138.2857,7.6155
30/01/2017,TTTM,TTTM19,DEAD,DEAD
30/01/2017,TTTM,TTTM20,96.3843,7.0125
30/01/2017,TTTA,TTTA1,94.5553,6.6915
30/01/2017,TTTA,TTTA2,124.6944,7.59
30/01/2017,TTTA,TTTA3,103.2833,7.151
30/01/2017,TTTA,TTTA4,87.5038,6.79
30/01/2017,TTTA,TTTA5,119.9018,7.479
30/01/2017,TTTA,TTTA6,117.04,7.0055
30/01/2017,TTTA,TTTA7,119.0308,7.229
30/01/2017,TTTA,TTTA8,117.9727,7.372
30/01/2017,TTTA,TTTA9,141.3048,7.7755
30/01/2017,TTTA,TTTA10,DEAD,DEAD
30/01/2017,TTTA,TTTA11,93.8507,6.5595
30/01/2017,TTTA,TTTA12,105.5561,7.2115
30/01/2017,TTTA,TTTA13,95.2344,6.8225
30/01/2017,TTTA,TTTA14,92.1695,6.997
30/01/2017,TTTA,TTTA15,118.698,7.4275
30/01/2017,TTTA,TTTA16,97.1313,6.603
30/01/2017,TTTA,TTTA17,96.01,6.9115
30/01/2017,TTTA,TTTA18,92.3407,6.876
30/01/2017,TTTA,TTTA19,DEAD,DEAD
30/01/2017,TTTA,TTTA20,103.0531,7.0075
13/02/2107,TC,TC1,177.3146,8.263
13/02/2107,TC,TC2,160.2935,8.1605
13/02/2107,TC,TC3,167.1822,7.9815
13/02/2107,TC,TC4,240.8,9.1105
13/02/2107,TC,TC5,145.1,8.6715
13/02/2107,TC,TC6,186.9,7.6835
13/02/2107,TC,TC7,155,7.593
13/02/2107,TC,TC8,214.9,8.4895
13/02/2107,TC,TC9,200.7,8.3905
13/02/2107,TC,TC10,146.2,8.365
13/02/2107,TC,TC11,133.7,7.4145
13/02/2107,TC,TC12,179,8.4
13/02/2107,TC,TC13,180.7,8.6815
13/02/2107,TC,TC14,125.3,7.5455
13/02/2107,TC,TC15,168.5,9.149
13/02/2107,TC,TC16,171.2,8.801
13/02/2107,TC,TC17,163.2,8.364
13/02/2107,TC,TC18,174.1,8.4935
13/02/2107,TC,TC19,140.6,8.219
13/02/2107,TC,TC20,178.7,9.0095
13/02/2107,TM,TM1,156.9,7.842
13/02/2107,TM,TM2,217,8.8535
13/02/2107,TM,TM3,207.7,8.4505
13/02/2107,TM,TM4,153,7.8555
13/02/2107,TM,TM5,129.8,8.032
13/02/2107,TM,TM6,177.5,8.704
13/02/2107,TM,TM7,148.5,7.992
13/02/2107,TM,TM8,115.9,6.9365
13/02/2107,TM,TM9,145,8.1535
13/02/2107,TM,TM10,217.4,9.2615
13/02/2107,TM,TM11,99.6,6.7815
13/02/2107,TM,TM12,172.1,8.292
13/02/2107,TM,TM13,115,7.215
13/02/2107,TM,TM14,114.6,7.032
13/02/2107,TM,TM15,133.9,7.5585
13/02/2107,TM,TM16,99.2,7.1165
13/02/2107,TM,TM17,111.1,7.433
13/02/2107,TM,TM18,115.7,6.884
13/02/2107,TM,TM19,132.5,7.983
13/02/2107,TM,TM20,139.7,7.872
13/02/2107,TA,TA1,195.4,8.84
13/02/2107,TA,TA2,139.7,7.905
13/02/2107,TA,TA3,206.6,8.696
13/02/2107,TA,TA4,DEAD,DEAD
13/02/2107,TA,TA5,161.1,8.4005
13/02/2107,TA,TA6,180,8.24
13/02/2107,TA,TA7,195.7,8.3185
13/02/2107,TA,TA8,190.3,8.2905
13/02/2107,TA,TA9,145.6,7.75
13/02/2107,TA,TA10,100.1,6.833
13/02/2107,TA,TA11,108,7.0995
13/02/2107,TA,TA12,172,8.198
13/02/2107,TA,TA13,129.2,7.0575
13/02/2107,TA,TA14,126.8,7.288
13/02/2107,TA,TA15,181.5,8.6815
13/02/2107,TA,TA16,140.7,7.551
13/02/2107,TA,TA17,116.3,7.402
13/02/2107,TA,TA18,120.2,7.13
13/02/2107,TA,TA19,153.7,8.1885
13/02/2107,TA,TA20,95.3,6.963
13/02/2107,TTC,TTC1,187.3,8.5075
13/02/2107,TTC,TTC2,187.4,8.6215
13/02/2107,TTC,TTC3,117.7,6.8065
13/02/2107,TTC,TTC4,141.1,7.7695
13/02/2107,TTC,TTC5,145.3,7.743
13/02/2107,TTC,TTC6,148.9,7.477
13/02/2107,TTC,TTC7,119.5,7.06
13/02/2107,TTC,TTC8,157,7.8545
13/02/2107,TTC,TTC9,145,7.8205
13/02/2107,TTC,TTC10,DEAD,DEAD
13/02/2107,TTC,TTC11,137.3,7.4045
13/02/2107,TTC,TTC12,165.1,8.311
13/02/2107,TTC,TTC13,164,7.9525
13/02/2107,TTC,TTC14,215.9,8.7995
13/02/2107,TTC,TTC15,218.8,9.0385
13/02/2107,TTC,TTC16,116.3,7.296
13/02/2107,TTC,TTC17,131.2,7.5815
13/02/2107,TTC,TTC18,123.5,7.527
13/02/2107,TTC,TTC19,113.5,7.4205
13/02/2107,TTC,TTC20,130.1,7.7345
13/02/2107,TTM,TTM1,129.2,7.451
13/02/2107,TTM,TTM2,136.5,7.553
13/02/2107,TTM,TTM3,151,7.7425
13/02/2107,TTM,TTM4,122.9,7.4495
13/02/2107,TTM,TTM5,119.7,7.424
13/02/2107,TTM,TTM6,173,7.7355
13/02/2107,TTM,TTM7,165.1,7.587
13/02/2107,TTM,TTM8,175.7,8.059
13/02/2107,TTM,TTM9,119.1,7.2655
13/02/2107,TTM,TTM10,118.7,7.2035
13/02/2107,TTM,TTM11,138.8,7.5405
13/02/2107,TTM,TTM12,139.3,7.569
13/02/2107,TTM,TTM13,158.6,7.834
13/02/2107,TTM,TTM14,136.5,7.522
13/02/2107,TTM,TTM15,157,7.996
13/02/2107,TTM,TTM16,126.3,7.2985
13/02/2107,TTM,TTM17,178.1,8.327
13/02/2107,TTM,TTM18,147.9,8.0805
13/02/2107,TTM,TTM19,120.6,7.3365
13/02/2107,TTM,TTM20,164.6,8.688
13/02/2107,TTA,TTA1,122,7.135
13/02/2107,TTA,TTA2,111.3,7.0145
13/02/2107,TTA,TTA3,151,7.8575
13/02/2107,TTA,TTA4,174.9,8.3205
13/02/2107,TTA,TTA5,161.3,8.592
13/02/2107,TTA,TTA6,99.7,6.818
13/02/2107,TTA,TTA7,162.8,8.1605
13/02/2107,TTA,TTA8,214,8.813
13/02/2107,TTA,TTA9,116.9,7.1745
13/02/2107,TTA,TTA10,233.8,8.938
13/02/2107,TTA,TTA11,239.9,8.8415
13/02/2107,TTA,TTA12,138.3,7.6075
13/02/2107,TTA,TTA13,113.8,7.012
13/02/2107,TTA,TTA14,111.9,6.807
13/02/2107,TTA,TTA15,121.9,7.3135
13/02/2107,TTA,TTA16,95.5,7.0855
13/02/2107,TTA,TTA17,138.4,7.9015
13/02/2107,TTA,TTA18,DEAD,DEAD
13/02/2107,TTA,TTA19,75.5,6.4865
13/02/2107,TTA,TTA20,116.2,7.8005
13/02/2107,TTTC,TTTC1,143.9,7.7675
13/02/2107,TTTC,TTTC2,112.4,7.319
13/02/2107,TTTC,TTTC3,114.6,7.425
13/02/2107,TTTC,TTTC4,141.7,8.0105
13/02/2107,TTTC,TTTC5,112.6,7.634
13/02/2107,TTTC,TTTC6,143.1,7.152
13/02/2107,TTTC,TTTC7,165.8,7.809
13/02/2107,TTTC,TTTC8,152.1,7.4325
13/02/2107,TTTC,TTTC9,148.1,7.387
13/02/2107,TTTC,TTTC10,110.2,6.643
13/02/2107,TTTC,TTTC11,107.5,6.8815
13/02/2107,TTTC,TTTC12,160.4,7.9605
13/02/2107,TTTC,TTTC13,110,6.611
13/02/2107,TTTC,TTTC14,85,6.3205
13/02/2107,TTTC,TTTC15,105.7,6.937
13/02/2107,TTTC,TTTC16,106.3,6.8685
13/02/2107,TTTC,TTTC17,133.5,7.6015
13/02/2107,TTTC,TTTC18,126.5,7.3595
13/02/2107,TTTC,TTTC19,102.7,7.036
13/02/2107,TTTC,TTTC20,124.6,7.579
13/02/2107,TTTM,TTTM1,118.9,7.172
13/02/2107,TTTM,TTTM2,142.5,7.555
13/02/2107,TTTM,TTTM3,127.3,6.856
13/02/2107,TTTM,TTTM4,123.1,7.4135
13/02/2107,TTTM,TTTM5,124.2,7.6235
13/02/2107,TTTM,TTTM6,144.3,7.179
13/02/2107,TTTM,TTTM7,107.8,6.598
13/02/2107,TTTM,TTTM8,118,7.28
13/02/2107,TTTM,TTTM9,118.6,7.2665
13/02/2107,TTTM,TTTM10,114.3,7.3755
13/02/2107,TTTM,TTTM11,109.8,6.97
13/02/2107,TTTM,TTTM12,DEAD,DEAD
13/02/2107,TTTM,TTTM13,119.4,7.095
13/02/2107,TTTM,TTTM14,98.1,6.7475
13/02/2107,TTTM,TTTM15,132.2,7.5515
13/02/2107,TTTM,TTTM16,96.4,6.5945
13/02/2107,TTTM,TTTM17,98.7,6.539
13/02/2107,TTTM,TTTM18,161.6,7.907
13/02/2107,TTTM,TTTM19,DEAD,DEAD
13/02/2107,TTTM,TTTM20,107.9,7.5905
13/02/2107,TTTA,TTTA1,107.4,7.098
13/02/2107,TTTA,TTTA2,138.6,7.998
13/02/2107,TTTA,TTTA3,111.4,7.5295
13/02/2107,TTTA,TTTA4,105.9,7.266
13/02/2107,TTTA,TTTA5,125.4,7.9
13/02/2107,TTTA,TTTA6,124.8,7.026
13/02/2107,TTTA,TTTA7,131.7,7.5015
13/02/2107,TTTA,TTTA8,134.1,7.637
13/02/2107,TTTA,TTTA9,155.5,7.8475
13/02/2107,TTTA,TTTA10,DEAD,DEAD
13/02/2107,TTTA,TTTA11,101.5,6.883
13/02/2107,TTTA,TTTA12,119.2,7.3045
13/02/2107,TTTA,TTTA13,112.9,7.0845
13/02/2107,TTTA,TTTA14,103.1,6.821
13/02/2107,TTTA,TTTA15,132.3,7.644
13/02/2107,TTTA,TTTA16,105.9,6.925
13/02/2107,TTTA,TTTA17,102.5,6.966
13/02/2107,TTTA,TTTA18,102.8,7.2485
13/02/2107,TTTA,TTTA19,DEAD,DEAD
13/02/2107,TTTA,TTTA20,113.3,7.049
27/02/2017,TC,TC1,188.1,8.8885
27/02/2017,TC,TC2,183,8.822
27/02/2017,TC,TC3,176.4,8.42
27/02/2017,TC,TC4,274.4,9.663
27/02/2017,TC,TC5,154.5,8.367
27/02/2017,TC,TC6,193.5,8.9585
27/02/2017,TC,TC7,180.1,8.6
27/02/2017,TC,TC8,240.6,9.475
27/02/2017,TC,TC9,211.9,9.3825
27/02/2017,TC,TC10,155.4,8.9205
27/02/2017,TC,TC11,154.1,8.0115
27/02/2017,TC,TC12,201.6,8.986
27/02/2017,TC,TC13,202.4,9.147
27/02/2017,TC,TC14,139.1,8.0425
27/02/2017,TC,TC15,182.4,9.1
27/02/2017,TC,TC16,190.1,8.5215
27/02/2017,TC,TC17,183.1,8.1465
27/02/2017,TC,TC18,185.6,8.239
27/02/2017,TC,TC19,156.3,8.146
27/02/2017,TC,TC20,191.8,9.055
27/02/2017,TM,TM1,177,8.5625
27/02/2017,TM,TM2,243.5,9.5135
27/02/2017,TM,TM3,236.2,9.658
27/02/2017,TM,TM4,171.8,8.681
27/02/2017,TM,TM5,144.2,8.6455
27/02/2017,TM,TM6,201.6,8.8235
27/02/2017,TM,TM7,158.8,8.2715
27/02/2017,TM,TM8,129.5,7.6945
27/02/2017,TM,TM9,206.1,9.0355
27/02/2017,TM,TM10,241.9,10.318
27/02/2017,TM,TM11,114.5,7.146
27/02/2017,TM,TM12,204.1,9.217
27/02/2017,TM,TM13,122.2,7.6965
27/02/2017,TM,TM14,123,7.765
27/02/2017,TM,TM15,143.6,8.3505
27/02/2017,TM,TM16,110.6,7.4305
27/02/2017,TM,TM17,115.3,7.36
27/02/2017,TM,TM18,132.8,7.0795
27/02/2017,TM,TM19,142.4,8.2765
27/02/2017,TM,TM20,148.6,8.437
27/02/2017,TA,TA1,221.8,9.118
27/02/2017,TA,TA2,160.5,8.388
27/02/2017,TA,TA3,230.2,9.054
27/02/2017,TA,TA4,DEAD,DEAD
27/02/2017,TA,TA5,179.3,8.902
27/02/2017,TA,TA6,209.9,9.3
27/02/2017,TA,TA7,215.6,9.0925
27/02/2017,TA,TA8,221,9.2535
27/02/2017,TA,TA9,158.8,8.611
27/02/2017,TA,TA10,114.7,7.871
27/02/2017,TA,TA11,123.6,7.4995
27/02/2017,TA,TA12,187.7,8.68
27/02/2017,TA,TA13,143.2,7.829
27/02/2017,TA,TA14,139.3,8.039
27/02/2017,TA,TA15,193.9,9.4085
27/02/2017,TA,TA16,155.4,8.3785
27/02/2017,TA,TA17,131.6,7.8205
27/02/2017,TA,TA18,135.8,7.631
27/02/2017,TA,TA19,164.6,8.521
27/02/2017,TA,TA20,106.3,7.9955
27/02/2017,TTC,TTC1,207,9.211
27/02/2017,TTC,TTC2,200.7,9.1695
27/02/2017,TTC,TTC3,130.2,7.4915
27/02/2017,TTC,TTC4,154.5,8.7375
27/02/2017,TTC,TTC5,157.8,9.4425
27/02/2017,TTC,TTC6,159.5,8.1055
27/02/2017,TTC,TTC7,134.5,7.821
27/02/2017,TTC,TTC8,173.8,8.6305
27/02/2017,TTC,TTC9,158.1,8.425
27/02/2017,TTC,TTC10,DEAD,DEAD
27/02/2017,TTC,TTC11,154.1,8.112
27/02/2017,TTC,TTC12,190.7,8.7965
27/02/2017,TTC,TTC13,179.6,8.4965
27/02/2017,TTC,TTC14,238.5,9.48
27/02/2017,TTC,TTC15,228.6,10.072
27/02/2017,TTC,TTC16,131.3,8.047
27/02/2017,TTC,TTC17,138.2,8.01
27/02/2017,TTC,TTC18,143.1,7.9595
27/02/2017,TTC,TTC19,125.8,7.6405
27/02/2017,TTC,TTC20,147.2,8.7075
27/02/2017,TTM,TTM1,147.4,7.8875
27/02/2017,TTM,TTM2,159.2,7.9015
27/02/2017,TTM,TTM3,160.4,8.351
27/02/2017,TTM,TTM4,134.8,8.1375
27/02/2017,TTM,TTM5,138.2,8.6155
27/02/2017,TTM,TTM6,210.8,9.239
27/02/2017,TTM,TTM7,175.8,8.1185
27/02/2017,TTM,TTM8,191.9,8.9725
27/02/2017,TTM,TTM9,130.1,8.137
27/02/2017,TTM,TTM10,134.1,8.4285
27/02/2017,TTM,TTM11,158.7,7.9935
27/02/2017,TTM,TTM12,149.5,7.9785
27/02/2017,TTM,TTM13,173.2,8.1535
27/02/2017,TTM,TTM14,149.8,8.11
27/02/2017,TTM,TTM15,173.3,9.053
27/02/2017,TTM,TTM16,133.5,7.6195
27/02/2017,TTM,TTM17,195.4,8.542
27/02/2017,TTM,TTM18,162.5,8.156
27/02/2017,TTM,TTM19,138.1,7.954
27/02/2017,TTM,TTM20,183.2,9.1395
27/02/2017,TTA,TTA1,134.5,7.77
27/02/2017,TTA,TTA2,121.5,7.2165
27/02/2017,TTA,TTA3,165,8.2535
27/02/2017,TTA,TTA4,198.2,8.9705
27/02/2017,TTA,TTA5,175.2,8.8895
27/02/2017,TTA,TTA6,110.8,7.102
27/02/2017,TTA,TTA7,182.4,8.6295
27/02/2017,TTA,TTA8,236.7,9.1675
27/02/2017,TTA,TTA9,131.1,7.9635
27/02/2017,TTA,TTA10,269.8,10.328
27/02/2017,TTA,TTA11,248.1,9.417
27/02/2017,TTA,TTA12,144.9,7.813
27/02/2017,TTA,TTA13,119.4,7.249
27/02/2017,TTA,TTA14,126.4,7.517
27/02/2017,TTA,TTA15,137.8,7.8825
27/02/2017,TTA,TTA16,121.2,7.596
27/02/2017,TTA,TTA17,153,8.073
27/02/2017,TTA,TTA18,DEAD,DEAD
27/02/2017,TTA,TTA19,90.6,6.927
27/02/2017,TTA,TTA20,126.5,8.0445
27/02/2017,TTTC,TTTC1,169.9,8.384
27/02/2017,TTTC,TTTC2,125,7.394
27/02/2017,TTTC,TTTC3,128.2,7.388
27/02/2017,TTTC,TTTC4,154.4,8.19
27/02/2017,TTTC,TTTC5,122.7,7.771
27/02/2017,TTTC,TTTC6,151.3,8.187
27/02/2017,TTTC,TTTC7,175.9,8.1315
27/02/2017,TTTC,TTTC8,176.8,8.5395
27/02/2017,TTTC,TTTC9,159.6,8.518
27/02/2017,TTTC,TTTC10,120.1,8.3385
27/02/2017,TTTC,TTTC11,116.4,7.733
27/02/2017,TTTC,TTTC12,170.5,8.4915
27/02/2017,TTTC,TTTC13,128.5,7.821
27/02/2017,TTTC,TTTC14,93.2,6.9575
27/02/2017,TTTC,TTTC15,123.3,8.2615
27/02/2017,TTTC,TTTC16,124,7.8615
27/02/2017,TTTC,TTTC17,149.5,8.2055
27/02/2017,TTTC,TTTC18,143.5,7.862
27/02/2017,TTTC,TTTC19,112.1,7.3725
27/02/2017,TTTC,TTTC20,144.9,8.5085
27/02/2017,TTTM,TTTM1,136.2,7.896
27/02/2017,TTTM,TTTM2,166.9,8.3665
27/02/2017,TTTM,TTTM3,147.7,7.5315
27/02/2017,TTTM,TTTM4,142.4,7.883
27/02/2017,TTTM,TTTM5,140.9,8.0345
27/02/2017,TTTM,TTTM6,161.9,8.2035
27/02/2017,TTTM,TTTM7,120.9,7.377
27/02/2017,TTTM,TTTM8,128.2,7.4795
27/02/2017,TTTM,TTTM9,137.3,7.9475
27/02/2017,TTTM,TTTM10,128.2,8.148
27/02/2017,TTTM,TTTM11,115.1,7.721
27/02/2017,TTTM,TTTM12,DEAD,DEAD
27/02/2017,TTTM,TTTM13,130.1,7.7695
27/02/2017,TTTM,TTTM14,104,7.4745
27/02/2017,TTTM,TTTM15,144.4,8.374
27/02/2017,TTTM,TTTM16,112.1,7.5455
27/02/2017,TTTM,TTTM17,115,7.2165
27/02/2017,TTTM,TTTM18,181.4,8.7595
27/02/2017,TTTM,TTTM19,DEAD,DEAD
27/02/2017,TTTM,TTTM20,DEAD,DEAD
27/02/2017,TTTA,TTTA1,118.5,7.7755
27/02/2017,TTTA,TTTA2,158.6,8.6765
27/02/2017,TTTA,TTTA3,125.6,7.759
27/02/2017,TTTA,TTTA4,119.1,7.704
27/02/2017,TTTA,TTTA5,130.9,8.082
27/02/2017,TTTA,TTTA6,145.2,7.9555
27/02/2017,TTTA,TTTA7,154.1,8.0935
27/02/2017,TTTA,TTTA8,147.4,8.3615
27/02/2017,TTTA,TTTA9,175.1,8.762
27/02/2017,TTTA,TTTA10,DEAD,DEAD
27/02/2017,TTTA,TTTA11,109.7,7.1265
27/02/2017,TTTA,TTTA12,125.8,7.783
27/02/2017,TTTA,TTTA13,126.5,7.6805
27/02/2017,TTTA,TTTA14,113.5,7.476
27/02/2017,TTTA,TTTA15,153.9,8.2735
27/02/2017,TTTA,TTTA16,118,7.3025
27/02/2017,TTTA,TTTA17,120.7,7.459
27/02/2017,TTTA,TTTA18,115.3,7.861
27/02/2017,TTTA,TTTA19,DEAD,DEAD
27/02/2017,TTTA,TTTA20,129.1,8.0205
